id,YCoordi0te,XCoordi0te,elevation,slope,aspect,region,country,geometry,area,map_class
78,11.0287269,104.1438929,130,0.037674752,1.950555114,Kâmpôt,Cambodia,points,1,Deforestation crops
825,11.12243246,104.2742498,336,0.086617671,5.205482489,Kâmpóng Spœ,Cambodia,points,1,Deforestation crops
471,11.19794773,103.3461734,29,0.00724166,3.635644517,Kaôh Kong,Cambodia,points,1,Deforestation crops
499,11.26083154,103.5318039,44,0.012855239,0.912192115,Kaôh Kong,Cambodia,points,1,Deforestation crops
94,11.28395383,104.1253244,136,0.018764973,2.003408113,Kâmpóng Spœ,Cambodia,points,1,Deforestation crops
274,11.41748247,104.110523,188,0.030988458,3.840047455,Kâmpóng Spœ,Cambodia,points,1,Deforestation crops
462,11.38268359,104.2575154,71,0.003265044,0.299119796,Kâmpóng Spœ,Cambodia,points,1,Deforestation crops
758,11.55564025,104.2844962,69,0.004258489,3.610765103,Kâmpóng Spœ,Cambodia,points,1,Deforestation crops
480,11.61730929,104.3603929,87,0.006572342,2.709669203,Kâmpóng Spœ,Cambodia,points,1,Deforestation crops
365,11.67722211,103.9590603,114,0.003467798,2.689933884,Kâmpóng Spœ,Cambodia,points,1,Deforestation crops
648,11.69338293,104.3143006,111,0.00622915,1.461693835,Kâmpóng Spœ,Cambodia,points,1,Deforestation crops
764,11.76505161,104.1719462,203,0.04009273,5.79381949,Kâmpóng Spœ,Cambodia,points,1,Deforestation crops
83,11.85295836,104.4768815,107,0.011492265,1.464363604,Kâmpóng Chh0ng,Cambodia,points,1,Deforestation crops
823,11.89692935,104.2472665,181,0.039371725,1.484596539,Kâmpóng Spœ,Cambodia,points,1,Deforestation crops
790,12.05043706,106.211742,69,0.011991444,4.495768109,Krâchéh,Cambodia,points,1,Deforestation crops
645,12.18799513,106.4658456,72,0.001404986,1.765122624,Krâchéh,Cambodia,points,1,Deforestation crops
63,12.16197233,106.816551,135,0.010754476,2.774540855,Môndól Kiri,Cambodia,points,1,Deforestation crops
572,12.24533849,106.5501912,98,0.010335602,5.377130852,Krâchéh,Cambodia,points,1,Deforestation crops
883,12.29724666,106.2197342,93,0.021331653,1.233818949,Krâchéh,Cambodia,points,1,Deforestation crops
912,12.51481626,105.4242507,51,0.003686012,3.029018203,Kâmpóng Thum,Cambodia,points,1,Deforestation crops
101,12.49999978,105.7104617,95,0.020880951,2.982310422,Kâmpóng Thum,Cambodia,points,1,Deforestation crops
692,12.6427327,105.627784,88,0.00993179,3.556624714,Kâmpóng Thum,Cambodia,points,1,Deforestation crops
170,12.68636172,105.6996011,85,0.004152444,4.777772809,Kâmpóng Thum,Cambodia,points,1,Deforestation crops
90,12.77274481,105.4985699,92,0.008179736,1.653811437,Kâmpóng Thum,Cambodia,points,1,Deforestation crops
298,12.80330255,105.3534161,72,0.00412588,3.447779641,Kâmpóng Thum,Cambodia,points,1,Deforestation crops
484,12.88358431,102.7849402,204,0.111286582,0.492150932,Batdâmbâng,Cambodia,points,1,Deforestation crops
864,12.85888269,105.6871523,125,0.006318915,5.704617701,Kâmpóng Thum,Cambodia,points,1,Deforestation crops
91,12.9235034,102.902511,102,0.032042447,0.494321628,Batdâmbâng,Cambodia,points,1,Deforestation crops
738,13.01467449,105.4522054,104,0.016008739,0.649357424,Kâmpóng Thum,Cambodia,points,1,Deforestation crops
724,13.13407656,105.3382457,95,0.010713722,0.55800954,Kâmpóng Thum,Cambodia,points,1,Deforestation crops
185,13.18492145,104.5224871,52,0.010401538,1.50554307,Kâmpóng Thum,Cambodia,points,1,Deforestation crops
781,13.33728892,106.3249481,153,0.013327325,5.987989717,Krâchéh,Cambodia,points,1,Deforestation crops
695,13.37206688,106.3425228,153,0.02352745,5.745606636,Krâchéh,Cambodia,points,1,Deforestation crops
455,13.41233618,104.4474608,52,0.002770504,4.71238898,Siemréab,Cambodia,points,1,Deforestation crops
858,13.55551155,104.1624204,344,0.011919696,4.71238898,Siemréab,Cambodia,points,1,Deforestation crops
872,13.49926323,106.8294224,114,0.006143612,3.254610408,Rôtânôkiri,Cambodia,points,1,Deforestation crops
393,13.57608848,102.5696284,48,0,0,Bântéay Méanchey,Cambodia,points,1,Deforestation crops
635,13.63889223,103.8083637,52,0.005011851,4.172235859,Siemréab,Cambodia,points,1,Deforestation crops
808,13.67588234,104.1536401,101,0.002654944,1.092961556,Siemréab,Cambodia,points,1,Deforestation crops
220,13.66880053,104.7256671,105,0.012412459,5.518030487,Preah Vihéar,Cambodia,points,1,Deforestation crops
37,13.79718539,103.5626832,25,0.000609462,2.668861901,Siemréab,Cambodia,points,1,Deforestation crops
767,13.7974661,104.2395239,116,0.002343403,6.104611734,Siemréab,Cambodia,points,1,Deforestation crops
459,13.75614186,105.166418,65,0.002752553,4.07959467,Preah Vihéar,Cambodia,points,1,Deforestation crops
933,13.77293701,105.3313138,74,0.003890951,5.182779043,Preah Vihéar,Cambodia,points,1,Deforestation crops
238,13.80458027,105.0980233,62,0.003767308,4.420180974,Preah Vihéar,Cambodia,points,1,Deforestation crops
707,13.81397108,105.4072913,109,0.007001069,4.16184153,Preah Vihéar,Cambodia,points,1,Deforestation crops
131,13.87166786,103.7598491,62,0.018910138,3.549072248,Siemréab,Cambodia,points,1,Deforestation crops
121,13.91805804,107.0222168,288,0.027935706,5.507075954,Rôtânôkiri,Cambodia,points,1,Deforestation crops
431,14.03714004,104.1778952,93,0.005966671,4.135228962,Siemréab,Cambodia,points,1,Deforestation crops
845,14.17870768,105.1342432,96,0.003184709,3.692758797,Preah Vihéar,Cambodia,points,1,Deforestation crops
498,10.55852096,103.581797,80,0,0,Krong Preah Sihanouk,Cambodia,points,1,Deforestation other
727,10.85765027,104.3154167,50,0.018520633,4.705065196,Kâmpôt,Cambodia,points,1,Deforestation other
169,11.89833617,105.7819984,46,0.008507993,3.889037976,Tbong Khmum,Cambodia,points,1,Deforestation other
369,12.04900851,104.324192,114,0.009922987,0.890739342,Kâmpóng Chh0ng,Cambodia,points,1,Deforestation other
931,12.04938864,105.0606333,19,0.006312983,2.564465387,Kâmpóng Cham,Cambodia,points,1,Deforestation other
627,12.0412725,106.31578,55,0.002076383,2.94119157,Krâchéh,Cambodia,points,1,Deforestation other
296,12.14137343,106.7463531,134,0.009409538,0.102711554,Krâchéh,Cambodia,points,1,Deforestation other
770,12.15624452,105.5895515,14,0.000773578,5.489810719,Tbong Khmum,Cambodia,points,1,Deforestation other
110,12.23133793,105.8464999,17,0.000794448,2.593982874,Krâchéh,Cambodia,points,1,Deforestation other
111,12.37570394,107.0169908,491,0.002252347,5.84008266,Môndól Kiri,Cambodia,points,1,Deforestation other
376,12.54499742,106.6401848,97,0.001663078,5.132480508,Môndól Kiri,Cambodia,points,1,Deforestation other
494,12.57967239,106.2398062,55,0.004297443,5.956123626,Krâchéh,Cambodia,points,1,Deforestation other
875,12.63402919,103.9056081,13,0.000959576,6.138773765,Pouthisat,Cambodia,points,1,Deforestation other
870,12.83103967,104.9261279,20,0.001464859,2.754642016,Kâmpóng Thum,Cambodia,points,1,Deforestation other
510,12.86830631,103.820736,7,0.000581003,3.936354983,Pouthisat,Cambodia,points,1,Deforestation other
682,13.01476009,105.0052105,44,0.00355745,3.71709792,Kâmpóng Thum,Cambodia,points,1,Deforestation other
737,13.05874052,104.6436795,24,0.001498606,3.234027674,Kâmpóng Thum,Cambodia,points,1,Deforestation other
636,13.18244816,102.7433511,39,0.001750996,0.684505278,Batdâmbâng,Cambodia,points,1,Deforestation other
930,13.28929268,103.3737576,9,0.000429873,0.327926386,Batdâmbâng,Cambodia,points,1,Deforestation other
339,13.32592556,103.1918591,9,0.000429881,3.469571495,Batdâmbâng,Cambodia,points,1,Deforestation other
657,13.34583827,104.4457058,38,0.001487382,5.085824508,Siemréab,Cambodia,points,1,Deforestation other
58,13.3624415,104.3332163,46,0.006969615,1.106648559,Siemréab,Cambodia,points,1,Deforestation other
817,13.37062294,106.489418,89,0.002610723,6.123352943,Môndól Kiri,Cambodia,points,1,Deforestation other
479,13.37775638,106.7531534,106,0.003118073,0.671147416,Rôtânôkiri,Cambodia,points,1,Deforestation other
275,13.40819597,104.8358797,65,0.006204157,5.487336903,Preah Vihéar,Cambodia,points,1,Deforestation other
544,13.40049584,105.1670586,46,0.004043031,2.791894539,Preah Vihéar,Cambodia,points,1,Deforestation other
335,13.41278758,106.7515667,112,0.008588372,1.570796327,Rôtânôkiri,Cambodia,points,1,Deforestation other
921,13.39567683,106.7995396,111,0.005196885,5.261653002,Rôtânôkiri,Cambodia,points,1,Deforestation other
334,13.3912638,106.8062744,115,0.00482516,2.759163356,Rôtânôkiri,Cambodia,points,1,Deforestation other
520,13.38697755,106.8658863,101,0.002763997,5.699338628,Rôtânôkiri,Cambodia,points,1,Deforestation other
35,13.42250824,106.9378551,118,0.007315704,6.014878107,Rôtânôkiri,Cambodia,points,1,Deforestation other
207,13.45355117,105.5411055,138,0.010861445,2.399208913,Preah Vihéar,Cambodia,points,1,Deforestation other
254,13.46762807,106.6602399,88,0.001530176,4.623619007,Rôtânôkiri,Cambodia,points,1,Deforestation other
708,13.58380239,104.2051102,308,0.158806348,0.105798191,Siemréab,Cambodia,points,1,Deforestation other
463,13.68604367,105.2142078,54,0.002453282,1.850922414,Preah Vihéar,Cambodia,points,1,Deforestation other
568,13.67397671,106.7093702,134,0.006272948,2.221196682,Rôtânôkiri,Cambodia,points,1,Deforestation other
273,13.77248109,104.4744671,86,0.00412738,0.307334016,Preah Vihéar,Cambodia,points,1,Deforestation other
443,13.83293757,104.6390708,71,0.002601926,2.119245195,Preah Vihéar,Cambodia,points,1,Deforestation other
659,13.83837592,106.0766828,100,0.003098387,3.413672559,Stœng Trêng,Cambodia,points,1,Deforestation other
246,13.92845807,103.224434,44,0.005077049,2.864621682,Bântéay Méanchey,Cambodia,points,1,Deforestation other
813,13.93524511,103.2463855,45,0.004846343,2.93969415,Bântéay Méanchey,Cambodia,points,1,Deforestation other
513,13.93695343,103.441904,25,0.002086931,1.505748219,Otdar Mean Chey,Cambodia,points,1,Deforestation other
399,13.98356027,103.4931338,35,0.002287134,4.472855751,Otdar Mean Chey,Cambodia,points,1,Deforestation other
861,13.97021719,106.8298022,99,0.000994254,2.148089048,Rôtânôkiri,Cambodia,points,1,Deforestation other
507,13.99307939,103.2057894,80,0.006535907,5.981157424,Otdar Mean Chey,Cambodia,points,1,Deforestation other
819,14.03446712,105.7043676,117,0.005986267,1.502761349,Preah Vihéar,Cambodia,points,1,Deforestation other
261,14.03599301,103.53504,36,0.002238818,1.449313073,Otdar Mean Chey,Cambodia,points,1,Deforestation other
179,14.05291701,104.6954496,67,0.005572363,3.692514048,Preah Vihéar,Cambodia,points,1,Deforestation other
186,14.06492453,106.1849338,90,0,0,Stœng Trêng,Cambodia,points,1,Deforestation other
70,14.05016389,106.9444124,110,0.020208134,2.81267256,Rôtânôkiri,Cambodia,points,1,Deforestation other
784,14.07990544,103.2549652,50,0.002371244,0.96175135,Otdar Mean Chey,Cambodia,points,1,Deforestation other
697,14.10246563,103.6092687,44,0.001753305,4.397737881,Otdar Mean Chey,Cambodia,points,1,Deforestation other
740,14.11159284,106.2772633,81,0.003980558,0.551035323,Stœng Trêng,Cambodia,points,1,Deforestation other
854,14.11120412,106.4080741,70,0.002019434,1.842839035,Stœng Trêng,Cambodia,points,1,Deforestation other
73,14.14254773,103.2765144,50,0.003366133,0.97133359,Otdar Mean Chey,Cambodia,points,1,Deforestation other
226,14.21186676,103.0976783,82,0.003752609,2.552486185,Otdar Mean Chey,Cambodia,points,1,Deforestation other
98,14.19340063,103.2578637,57,0.002343401,2.261098069,Otdar Mean Chey,Cambodia,points,1,Deforestation other
655,14.19589433,103.437852,52,0.001651428,2.972458521,Otdar Mean Chey,Cambodia,points,1,Deforestation other
176,14.26721702,106.0333665,131,0,0,0,0,points,1,Deforestation other
619,14.31753763,103.8400321,78,0.005036518,3.224523225,Otdar Mean Chey,Cambodia,points,1,Deforestation other
593,10.76006833,103.745038,21,0.006863256,4.751929586,Krong Preah Sihanouk,Cambodia,points,1,Deforestation rubber
488,10.79356136,103.7218707,24,0.009607593,5.840552038,Kaôh Kong,Cambodia,points,1,Deforestation rubber
748,10.78444365,103.7398089,32,0.005973202,3.671220422,Krong Preah Sihanouk,Cambodia,points,1,Deforestation rubber
620,11.12747068,103.6200546,19,0.001288537,5.957736372,Kaôh Kong,Cambodia,points,1,Deforestation rubber
585,12.08656836,106.64929,127,0.001404479,4.90678641,Krâchéh,Cambodia,points,1,Deforestation rubber
10,12.18251676,106.6059338,123,0.006225239,4.028339511,Krâchéh,Cambodia,points,1,Deforestation rubber
425,12.19176774,106.6181644,128,0.005670408,5.105182019,Krâchéh,Cambodia,points,1,Deforestation rubber
809,12.22622278,103.0927183,282,0.026687753,0.75728341,Pouthisat,Cambodia,points,1,Deforestation rubber
72,12.23396388,106.6243175,128,0.003221645,5.055967794,Krâchéh,Cambodia,points,1,Deforestation rubber
452,12.2219655,106.6853102,131,0.00349672,3.824252136,Krâchéh,Cambodia,points,1,Deforestation rubber
490,12.23828824,106.6929281,134,0.003107295,2.730777747,Krâchéh,Cambodia,points,1,Deforestation rubber
375,12.2356688,106.7278659,138,0.009023221,3.468255388,Krâchéh,Cambodia,points,1,Deforestation rubber
614,12.21967749,106.7454835,144,0.009640113,0.042917441,Krâchéh,Cambodia,points,1,Deforestation rubber
699,12.25903275,106.6815497,142,0.000193435,5.489606202,Krâchéh,Cambodia,points,1,Deforestation rubber
444,12.25435525,106.701974,142,0.00347115,4.829901255,Krâchéh,Cambodia,points,1,Deforestation rubber
438,12.25318395,106.7435804,140,0.00701882,2.237585519,Krâchéh,Cambodia,points,1,Deforestation rubber
850,12.27669933,106.7104906,146,0.002133455,5.580357105,Krâchéh,Cambodia,points,1,Deforestation rubber
403,12.30060404,106.6925441,144,0.010126796,5.277854896,Môndól Kiri,Cambodia,points,1,Deforestation rubber
917,12.30147153,106.7261524,167,0.014734875,2.654617111,Môndól Kiri,Cambodia,points,1,Deforestation rubber
741,12.41132775,106.4041,96,0.006447035,5.055756185,Krâchéh,Cambodia,points,1,Deforestation rubber
810,12.54677319,105.4186435,69,0.006288186,4.45053342,Kâmpóng Thum,Cambodia,points,1,Deforestation rubber
798,12.56293812,105.803526,60,0.012223503,1.459593635,Krâchéh,Cambodia,points,1,Deforestation rubber
45,12.55187846,107.4938483,544,0.017622541,0.516069707,Môndól Kiri,Cambodia,points,1,Deforestation rubber
388,12.63625921,105.3804299,67,0.006126423,3.368948686,Kâmpóng Thum,Cambodia,points,1,Deforestation rubber
836,12.73719232,105.3499258,64,0.00579997,2.111281386,Kâmpóng Thum,Cambodia,points,1,Deforestation rubber
725,12.75774613,105.3292403,78,0.006273022,0.480807019,Kâmpóng Thum,Cambodia,points,1,Deforestation rubber
827,12.80733956,105.813027,66,0.00412588,2.835405666,Krâchéh,Cambodia,points,1,Deforestation rubber
304,12.82997157,106.2730903,90,0.006911713,4.309006584,Krâchéh,Cambodia,points,1,Deforestation rubber
880,12.84113254,106.248333,81,0.004197883,5.255778365,Krâchéh,Cambodia,points,1,Deforestation rubber
652,12.84281705,106.2672917,90,0.007927806,5.291824354,Krâchéh,Cambodia,points,1,Deforestation rubber
314,12.94119009,105.8921433,62,0.001228701,3.254354236,Krâchéh,Cambodia,points,1,Deforestation rubber
664,12.93967661,105.9407282,51,0.004464408,2.433562579,Krâchéh,Cambodia,points,1,Deforestation rubber
355,12.93373531,105.9492749,49,0.005674125,2.84486602,Krâchéh,Cambodia,points,1,Deforestation rubber
893,12.98415671,105.8945586,69,0.000859637,0.327553936,Krâchéh,Cambodia,points,1,Deforestation rubber
519,13.11358148,105.038885,55,0.013462397,4.125010868,Preah Vihéar,Cambodia,points,1,Deforestation rubber
96,13.1342978,105.0937296,98,0.012367755,1.747196405,Preah Vihéar,Cambodia,points,1,Deforestation rubber
515,13.18972385,105.0173801,93,0.014485021,4.533509798,Preah Vihéar,Cambodia,points,1,Deforestation rubber
269,13.18572803,105.2883521,56,0.019647245,4.830022364,Kâmpóng Thum,Cambodia,points,1,Deforestation rubber
213,13.20103752,106.5172392,155,0.014972366,4.001775269,Môndól Kiri,Cambodia,points,1,Deforestation rubber
68,13.21992275,105.0456882,123,0.008141157,3.889443503,Preah Vihéar,Cambodia,points,1,Deforestation rubber
543,13.22716147,105.0764442,86,0.003876198,0.795487005,Preah Vihéar,Cambodia,points,1,Deforestation rubber
605,13.22120104,105.1193794,112,0.009873168,1.377238946,Preah Vihéar,Cambodia,points,1,Deforestation rubber
316,13.20315433,106.5352708,172,0.008033359,3.227842505,Môndól Kiri,Cambodia,points,1,Deforestation rubber
898,13.25006634,105.0039444,108,0.012401495,5.503272441,Preah Vihéar,Cambodia,points,1,Deforestation rubber
108,13.24424698,105.0698598,102,0.008791388,3.299707614,Preah Vihéar,Cambodia,points,1,Deforestation rubber
300,13.25577703,105.0846928,105,0.012607024,3.735965959,Preah Vihéar,Cambodia,points,1,Deforestation rubber
606,13.24066634,105.1181831,112,0.007515635,0.976975224,Preah Vihéar,Cambodia,points,1,Deforestation rubber
467,13.2326792,106.5027829,158,0.003409734,5.078579758,Môndól Kiri,Cambodia,points,1,Deforestation rubber
677,13.2720393,106.3301104,142,0.011517573,2.653695107,Krâchéh,Cambodia,points,1,Deforestation rubber
567,13.25941562,106.3563181,116,0.0154033,3.042574516,Krâchéh,Cambodia,points,1,Deforestation rubber
607,13.36369293,106.2080545,143,0.003915669,4.573365282,Stœng Trêng,Cambodia,points,1,Deforestation rubber
884,13.40430791,106.1800396,176,0.012426688,2.679459563,Stœng Trêng,Cambodia,points,1,Deforestation rubber
531,13.45728091,104.9299584,98,0.009296672,5.91741898,Preah Vihéar,Cambodia,points,1,Deforestation rubber
773,13.46774245,104.9230282,84,0.002359406,4.654861776,Preah Vihéar,Cambodia,points,1,Deforestation rubber
435,13.45189941,107.0990078,136,0.013175064,2.197971036,Rôtânôkiri,Cambodia,points,1,Deforestation rubber
574,13.501532,104.9178703,98,0.004485684,2.475566413,Preah Vihéar,Cambodia,points,1,Deforestation rubber
221,13.65099838,107.4973441,207,0.01150323,4.299848581,Rôtânôkiri,Cambodia,points,1,Deforestation rubber
164,13.70187656,103.8007024,66,0.006486157,4.210560723,Siemréab,Cambodia,points,1,Deforestation rubber
291,13.80643983,105.4743272,122,0.004686785,6.104605489,Preah Vihéar,Cambodia,points,1,Deforestation rubber
432,13.820231,105.486499,115,0.002525799,0.719842961,Preah Vihéar,Cambodia,points,1,Deforestation rubber
15,13.83811526,105.4486043,127,0.002791477,2.134780831,Preah Vihéar,Cambodia,points,1,Deforestation rubber
417,13.84470034,105.4778849,116,0.005081293,1.272737917,Preah Vihéar,Cambodia,points,1,Deforestation rubber
611,13.85944315,107.1479625,205,0.010171383,1.758609665,Rôtânôkiri,Cambodia,points,1,Deforestation rubber
270,14.06230057,104.4142944,103,0.003893396,2.444216576,Siemréab,Cambodia,points,1,Deforestation rubber
137,10.67412831,103.6144371,49,0.005591016,1.375453504,Krong Preah Sihanouk,Cambodia,points,1,Degradation
601,10.67404766,103.6213311,41,0.017769275,3.017824237,Krong Preah Sihanouk,Cambodia,points,1,Degradation
541,10.68077495,103.6140757,66,0.014943647,3.086513185,Krong Preah Sihanouk,Cambodia,points,1,Degradation
184,10.67948805,103.6168349,84,0.015552168,3.795532833,Krong Preah Sihanouk,Cambodia,points,1,Degradation
338,10.68638702,103.6057242,88,0.012962079,2.440198253,Krong Preah Sihanouk,Cambodia,points,1,Degradation
333,10.74868848,103.7437733,31,0.019349517,4.442756913,Krong Preah Sihanouk,Cambodia,points,1,Degradation
558,10.74826724,103.7546101,78,0.027095685,4.903756539,Krong Preah Sihanouk,Cambodia,points,1,Degradation
693,10.75442178,103.7490862,36,0.016834132,5.423485785,Krong Preah Sihanouk,Cambodia,points,1,Degradation
352,10.75401222,103.7533411,42,0.024681054,5.83495729,Krong Preah Sihanouk,Cambodia,points,1,Degradation
128,11.37510715,104.2394726,74,0.00371313,0.419370672,Kâmpóng Spœ,Cambodia,points,1,Degradation
500,11.37636627,104.2453612,73,0.003409861,0.50488839,Kâmpóng Spœ,Cambodia,points,1,Degradation
201,11.37856054,104.2251544,75,0.004375624,0.125982054,Kâmpóng Spœ,Cambodia,points,1,Degradation
22,11.38316622,104.2318444,75,0.004375624,0.125982054,Kâmpóng Spœ,Cambodia,points,1,Degradation
447,11.38104487,104.2433863,73,0.003409861,0.50488839,Kâmpóng Spœ,Cambodia,points,1,Degradation
167,11.38086524,104.2467634,73,0.003409861,0.50488839,Kâmpóng Spœ,Cambodia,points,1,Degradation
686,11.3882657,104.2301487,70,0.00319486,0.216809946,Kâmpóng Spœ,Cambodia,points,1,Degradation
434,11.38609628,104.2329952,70,0.00319486,0.216809946,Kâmpóng Spœ,Cambodia,points,1,Degradation
670,11.38656948,104.2436129,69,0.004257976,0.468934438,Kâmpóng Spœ,Cambodia,points,1,Degradation
123,11.39669018,104.2261153,69,0.002677982,0.423142886,Kâmpóng Spœ,Cambodia,points,1,Degradation
237,11.478892,104.1169697,157,0.038289657,1.268769453,Kâmpóng Spœ,Cambodia,points,1,Degradation
736,11.48579638,104.1970091,80,0.001938588,0.692363494,Kâmpóng Spœ,Cambodia,points,1,Degradation
95,11.49131784,104.1068729,192,0.07204034,0.719833135,Kâmpóng Spœ,Cambodia,points,1,Degradation
363,11.49129104,104.1192117,157,0.021732443,1.292614513,Kâmpóng Spœ,Cambodia,points,1,Degradation
44,11.49264995,104.1239546,146,0.018935163,1.412542886,Kâmpóng Spœ,Cambodia,points,1,Degradation
279,11.49252541,104.1293868,134,0.01339302,1.479515732,Kâmpóng Spœ,Cambodia,points,1,Degradation
732,11.49076266,104.1995243,80,0.001938588,0.692363494,Kâmpóng Spœ,Cambodia,points,1,Degradation
502,11.49350353,104.0938758,212,0.045852683,1.078070629,Kâmpóng Spœ,Cambodia,points,1,Degradation
486,11.49412912,104.1011489,208,0.023452616,1.271401658,Kâmpóng Spœ,Cambodia,points,1,Degradation
839,11.49428658,104.1177332,146,0.018935163,1.412542886,Kâmpóng Spœ,Cambodia,points,1,Degradation
608,11.49475177,104.1366279,123,0.010863375,1.58328357,Kâmpóng Spœ,Cambodia,points,1,Degradation
753,11.49774898,104.2078289,77,0.00421569,6.019190138,Kâmpóng Spœ,Cambodia,points,1,Degradation
195,11.5009663,104.1135691,169,0.02457715,1.365167121,Kâmpóng Spœ,Cambodia,points,1,Degradation
82,11.50560664,104.1601,116,0.016155731,2.615525646,Kâmpóng Spœ,Cambodia,points,1,Degradation
368,11.50415029,104.210646,74,0.004685463,0.177010734,Kâmpóng Spœ,Cambodia,points,1,Degradation
910,11.51066531,104.1428268,125,0.009106901,3.448373128,Kâmpóng Spœ,Cambodia,points,1,Degradation
551,11.50756967,104.1521225,119,0.013783567,3.031638215,Kâmpóng Spœ,Cambodia,points,1,Degradation
160,11.50911854,104.1570529,139,0.010907618,3.242617563,Kâmpóng Spœ,Cambodia,points,1,Degradation
665,11.51238855,104.1679701,117,0.013149037,2.541517228,Kâmpóng Spœ,Cambodia,points,1,Degradation
323,11.51385282,104.1475417,125,0.009106901,3.448373128,Kâmpóng Spœ,Cambodia,points,1,Degradation
46,11.51448136,104.1534656,139,0.010907618,3.242617563,Kâmpóng Spœ,Cambodia,points,1,Degradation
20,11.51410861,104.1610837,127,0.015094453,2.426236092,Kâmpóng Spœ,Cambodia,points,1,Degradation
302,11.52007815,104.1491127,129,0.003008916,5.231291909,Kâmpóng Spœ,Cambodia,points,1,Degradation
445,11.52867595,104.1406552,135,0.018868407,1.294108853,Kâmpóng Spœ,Cambodia,points,1,Degradation
465,11.53276895,104.1915544,91,0.014601544,1.129256706,Kâmpóng Spœ,Cambodia,points,1,Degradation
838,11.53860359,104.1367452,129,0.019525355,1.45242497,Kâmpóng Spœ,Cambodia,points,1,Degradation
806,11.5745824,104.1553754,102,0.008896343,1.078456127,Kâmpóng Spœ,Cambodia,points,1,Degradation
802,11.57731433,104.1566654,101,0.010337548,1.236554441,Kâmpóng Spœ,Cambodia,points,1,Degradation
97,11.58287231,104.1272462,129,0.014919007,0.857100084,Kâmpóng Spœ,Cambodia,points,1,Degradation
21,11.58833231,104.1005091,143,0.023156545,0.179125581,Kâmpóng Spœ,Cambodia,points,1,Degradation
40,11.5892114,104.1323024,118,0.014637815,0.385314754,Kâmpóng Spœ,Cambodia,points,1,Degradation
180,11.59858391,104.1381513,103,0.012118667,0.34745177,Kâmpóng Spœ,Cambodia,points,1,Degradation
916,12.39408664,107.3455183,860,0.023870511,0.150813756,Môndól Kiri,Cambodia,points,1,Degradation
485,12.82145335,104.9004114,19,0.000580944,3.936255501,Kâmpóng Thum,Cambodia,points,1,Degradation
401,12.90049987,104.9117108,18,0.000692221,3.342647356,Kâmpóng Thum,Cambodia,points,1,Degradation
734,12.90154226,104.965124,23,0.000968404,3.936421527,Kâmpóng Thum,Cambodia,points,1,Degradation
728,13.02900339,104.915662,33,0.002522188,2.423384256,Kâmpóng Thum,Cambodia,points,1,Degradation
138,13.0980001,106.2175076,65,0.005492209,2.523661846,Krâchéh,Cambodia,points,1,Degradation
229,13.09464989,106.2199592,65,0.005492209,2.523661846,Krâchéh,Cambodia,points,1,Degradation
560,13.11875903,106.2548483,81,0.003255719,3.141592654,Krâchéh,Cambodia,points,1,Degradation
318,10.91795008,103.4160886,25,0,0,Kaôh Kong,Cambodia,points,1,Enhancement
922,10.92334644,103.3570082,23,0.013278183,3.276349759,Kaôh Kong,Cambodia,points,1,Enhancement
539,10.95519361,103.2477298,8,0.009707776,4.032373001,Kaôh Kong,Cambodia,points,1,Enhancement
193,10.95586542,103.7209005,8,0.003310178,4.290141455,Kaôh Kong,Cambodia,points,1,Enhancement
400,11.00696626,103.6846755,13,0.006088285,4.96000377,Kaôh Kong,Cambodia,points,1,Enhancement
505,11.03733103,103.6952448,14,0.003892805,0.436973842,Kaôh Kong,Cambodia,points,1,Enhancement
157,11.06624386,103.7218846,4,0.003549849,5.710989105,Kaôh Kong,Cambodia,points,1,Enhancement
909,11.09826918,103.4228089,11,0.006106375,0.368040413,Kaôh Kong,Cambodia,points,1,Enhancement
240,11.15712525,103.4058607,20,0.01381673,3.793012644,Kaôh Kong,Cambodia,points,1,Enhancement
154,11.15122748,103.4395573,17,0.01758168,0.82451398,Kaôh Kong,Cambodia,points,1,Enhancement
907,11.14748632,103.457923,5,0.001085243,6.283185307,Kaôh Kong,Cambodia,points,1,Enhancement
223,11.22417626,103.5023812,8,0.005697466,3.141592654,Kaôh Kong,Cambodia,points,1,Enhancement
613,11.23809607,103.4678496,17,0.020487972,2.756707194,Kaôh Kong,Cambodia,points,1,Enhancement
689,11.23365452,103.4984965,29,0.02421702,3.341433494,Kaôh Kong,Cambodia,points,1,Enhancement
856,11.24254973,103.4993347,67,0.029831753,3.651413047,Kaôh Kong,Cambodia,points,1,Enhancement
89,11.24353468,103.5751848,29,0.028164935,3.014459122,Kaôh Kong,Cambodia,points,1,Enhancement
56,11.75249276,104.3915618,87,0.008564812,0.656857212,Kâmpóng Spœ,Cambodia,points,1,Enhancement
775,12.137963,106.2959737,62,0.001978196,2.151487287,Krâchéh,Cambodia,points,1,Enhancement
915,12.35955417,107.3397003,844,0.014012123,0.289506355,Môndól Kiri,Cambodia,points,1,Enhancement
771,12.69453014,103.0917968,67,0.004539667,5.703613106,Batdâmbâng,Cambodia,points,1,Enhancement
762,12.89005695,104.3758853,11,0.001049705,5.110519466,Kâmpóng Thum,Cambodia,points,1,Enhancement
373,12.94693657,104.8777042,22,0.000276523,4.71238898,Kâmpóng Thum,Cambodia,points,1,Enhancement
202,13.01236843,103.7419321,5,0.000609052,5.811774105,Batdâmbâng,Cambodia,points,1,Enhancement
199,13.02599566,103.6273564,6,0.00070472,1.764500992,Batdâmbâng,Cambodia,points,1,Enhancement
891,13.03589626,103.7144997,5,0.000193734,3.936689481,Batdâmbâng,Cambodia,points,1,Enhancement
439,13.03065149,106.9701058,145,0.004439365,1.059950752,Môndól Kiri,Cambodia,points,1,Enhancement
5,13.05309021,103.5129701,9,0.000429831,0.327635911,Batdâmbâng,Cambodia,points,1,Enhancement
451,13.07517072,103.6699039,5,0.000436616,4.396462753,Batdâmbâng,Cambodia,points,1,Enhancement
563,13.06877252,105.4244154,96,0.018522919,1.203795156,Kâmpóng Thum,Cambodia,points,1,Enhancement
822,13.09328977,103.6885151,6,0.000193757,0.795214954,Batdâmbâng,Cambodia,points,1,Enhancement
812,13.09344737,103.692035,7,0.000271311,6.283185307,Batdâmbâng,Cambodia,points,1,Enhancement
234,13.08728273,106.390959,82,0.003637851,4.206291404,Môndól Kiri,Cambodia,points,1,Enhancement
526,13.12309203,104.7031092,41,0.002170483,3.141592654,Kâmpóng Thum,Cambodia,points,1,Enhancement
32,13.13096825,104.6961942,40,0.002011984,3.643831477,Kâmpóng Thum,Cambodia,points,1,Enhancement
938,13.17267484,104.0219189,7,0.000276775,4.71238898,Siemréab,Cambodia,points,1,Enhancement
358,13.23262895,103.5013095,8,0.000193811,0.795487005,Batdâmbâng,Cambodia,points,1,Enhancement
624,13.26847532,103.7200971,8,0.000609184,5.811348048,Siemréab,Cambodia,points,1,Enhancement
529,13.2614375,103.7496949,8,0.000705365,1.377271245,Siemréab,Cambodia,points,1,Enhancement
76,13.26574445,103.7589654,8,4.34E-19,4.71238898,Siemréab,Cambodia,points,1,Enhancement
491,13.27956998,103.7034579,8,0.000276898,4.71238898,Siemréab,Cambodia,points,1,Enhancement
468,13.27672268,103.7143224,7,0.000429872,5.955269391,Siemréab,Cambodia,points,1,Enhancement
477,13.31103866,103.3115232,10,0.000436993,1.886440671,Batdâmbâng,Cambodia,points,1,Enhancement
125,13.36878565,105.0120613,77,0.001894614,5.90900096,Preah Vihéar,Cambodia,points,1,Enhancement
599,13.3871888,102.3839644,245,0.056903922,1.19786295,Batdâmbâng,Cambodia,points,1,Enhancement
80,13.40782564,104.990908,79,0.008881684,1.631927247,Preah Vihéar,Cambodia,points,1,Enhancement
52,13.41279694,105.0810045,65,0.011837614,2.62781882,Preah Vihéar,Cambodia,points,1,Enhancement
42,13.46897986,102.6696346,37,0.002082808,1.635973392,Batdâmbâng,Cambodia,points,1,Enhancement
595,13.50423723,102.6107902,50,0.003762916,1.278237255,Bântéay Méanchey,Cambodia,points,1,Enhancement
257,13.52144479,102.5811815,57,0.003693905,0.848604131,Bântéay Méanchey,Cambodia,points,1,Enhancement
833,13.54252706,102.5305676,71,0.007972557,0.69871069,Bântéay Méanchey,Cambodia,points,1,Enhancement
673,13.56734072,106.7107262,121,0.01087583,5.234723504,Rôtânôkiri,Cambodia,points,1,Enhancement
658,13.62500884,105.2255942,64,0.00272029,4.964386989,Preah Vihéar,Cambodia,points,1,Enhancement
156,13.79103335,105.2305007,75,0.001927001,4.35269754,Preah Vihéar,Cambodia,points,1,Enhancement
923,13.99705588,105.5854361,116,0.00776574,2.394489043,Preah Vihéar,Cambodia,points,1,Enhancement
792,14.33012163,106.2106081,88,0.004516344,2.516623961,Stœng Trêng,Cambodia,points,1,Enhancement
536,10.57394886,103.3355117,0,0,0,Kaôh Kong,Cambodia,points,1,Forest stable
384,10.70311537,103.7615822,130,0.043120787,4.375959368,Krong Preah Sihanouk,Cambodia,points,1,Forest stable
107,10.84526985,103.9751366,573,0.059799746,2.129626769,Kâmpôt,Cambodia,points,1,Forest stable
162,11.04261239,103.155519,81,0.059390038,2.337219988,Kaôh Kong,Cambodia,points,1,Forest stable
755,11.08487032,103.3082804,28,0.008847393,3.45719484,Kaôh Kong,Cambodia,points,1,Forest stable
666,11.10715138,103.4475435,8,0,0,Kaôh Kong,Cambodia,points,1,Forest stable
642,11.08845361,103.7201717,4,0.001043778,1.170276219,Kaôh Kong,Cambodia,points,1,Forest stable
481,11.11800764,103.8858403,132,0.044370722,2.52485251,Kaôh Kong,Cambodia,points,1,Forest stable
145,11.1105942,104.0468678,211,0.118973018,5.114669845,Kaôh Kong,Cambodia,points,1,Forest stable
69,11.08941512,104.2052643,113,0.032867511,4.462236939,Kâmpôt,Cambodia,points,1,Forest stable
514,11.05496968,104.3581064,152,0.101350548,0.67347286,Kâmpôt,Cambodia,points,1,Forest stable
621,11.2595043,103.1667967,46,0.022713227,0.672499871,Kaôh Kong,Cambodia,points,1,Forest stable
215,11.25725452,103.2814761,28,0.010458083,0.699317649,Kaôh Kong,Cambodia,points,1,Forest stable
362,11.24721331,103.4547047,49,0.018235748,4.347300855,Kaôh Kong,Cambodia,points,1,Forest stable
79,11.21628112,103.8443704,217,0.058902579,4.04809592,Kaôh Kong,Cambodia,points,1,Forest stable
102,11.22377287,103.9031126,354,0.064411494,3.894364023,Kaôh Kong,Cambodia,points,1,Forest stable
222,11.39606131,102.977998,36,0,0,Kaôh Kong,Cambodia,points,1,Forest stable
935,11.27350294,103.3007646,31,0.009637655,6.111269692,Kaôh Kong,Cambodia,points,1,Forest stable
521,11.42030733,103.7401592,28,0.00404742,5.200806138,Kaôh Kong,Cambodia,points,1,Forest stable
779,11.38016754,103.9226827,368,0.066672008,5.278502903,Kaôh Kong,Cambodia,points,1,Forest stable
647,11.32110471,104.4907597,175,0.099760134,1.053323741,Kâmpóng Spœ,Cambodia,points,1,Forest stable
746,11.49344056,103.1557541,80,0.025125126,4.483681944,Kaôh Kong,Cambodia,points,1,Forest stable
84,11.53462874,103.3404511,233,0.020699447,4.440389142,Kaôh Kong,Cambodia,points,1,Forest stable
829,11.42312744,103.5481188,174,0.014519967,3.11318802,Kaôh Kong,Cambodia,points,1,Forest stable
371,11.47594292,103.6903654,42,0.011391435,1.192703195,Kaôh Kong,Cambodia,points,1,Forest stable
918,11.44222538,103.8480249,102,0.007836582,6.035041968,Kaôh Kong,Cambodia,points,1,Forest stable
820,11.49583528,103.959345,341,0.028527645,3.083735011,Kaôh Kong,Cambodia,points,1,Forest stable
548,11.60849241,103.1006387,268,0.041432479,2.437866244,Kaôh Kong,Cambodia,points,1,Forest stable
361,11.60627611,103.1306993,212,0.071429841,3.555080259,Kaôh Kong,Cambodia,points,1,Forest stable
43,11.60559215,103.3057393,366,0.061233864,6.218073659,Kaôh Kong,Cambodia,points,1,Forest stable
141,11.58802577,103.5662989,262,0.012218087,0.261904049,Kaôh Kong,Cambodia,points,1,Forest stable
715,11.72238919,103.6999893,980,0.022369582,5.76163432,Kaôh Kong,Cambodia,points,1,Forest stable
902,11.71772959,103.8291099,164,0.007009464,2.487281594,Kâmpóng Spœ,Cambodia,points,1,Forest stable
660,11.82993397,102.9807256,497,0.033174472,2.859941839,Kaôh Kong,Cambodia,points,1,Forest stable
729,11.81751714,103.2220609,465,0.020385431,5.152268874,Kaôh Kong,Cambodia,points,1,Forest stable
305,11.74069829,103.3466359,394,0.045465284,0.090873519,Kaôh Kong,Cambodia,points,1,Forest stable
386,11.87027404,103.4205736,984,0.036485798,2.189225324,Kaôh Kong,Cambodia,points,1,Forest stable
547,11.81524997,103.6444482,320,0.138208177,2.216477828,Kaôh Kong,Cambodia,points,1,Forest stable
674,11.86530374,103.7492383,1150,0.149774734,4.201414902,Kaôh Kong,Cambodia,points,1,Forest stable
579,11.85229355,104.1119802,163,0.016604955,2.101878886,Kâmpóng Spœ,Cambodia,points,1,Forest stable
233,11.73005506,104.2267725,255,0.126645273,4.384807139,Kâmpóng Spœ,Cambodia,points,1,Forest stable
752,11.76032463,104.3551037,89,0.006727481,0.995087126,Kâmpóng Spœ,Cambodia,points,1,Forest stable
209,11.96832058,102.929541,763,0.058070167,3.250799157,Kaôh Kong,Cambodia,points,1,Forest stable
218,11.99165974,103.0571074,500,0.018911236,2.792216566,Pouthisat,Cambodia,points,1,Forest stable
834,11.98841678,103.2225844,528,0.020306822,3.953693769,Pouthisat,Cambodia,points,1,Forest stable
581,11.93672975,103.3621152,945,0.044600222,3.36248776,Kaôh Kong,Cambodia,points,1,Forest stable
897,11.92916878,103.4919314,738,0.115450922,4.721747356,Kaôh Kong,Cambodia,points,1,Forest stable
57,11.94388525,103.5900415,1083,0.0369139,5.711837901,Kaôh Kong,Cambodia,points,1,Forest stable
232,11.91138882,103.7990509,1280,0.026279907,0.089181783,Kaôh Kong,Cambodia,points,1,Forest stable
321,12.00182232,103.972785,153,0.042905053,1.109025261,Pouthisat,Cambodia,points,1,Forest stable
99,11.98135721,104.2629571,983,0.180896235,2.919089633,Kâmpóng Spœ,Cambodia,points,1,Forest stable
516,11.97743037,105.3285316,11,0.00019333,0.793048161,Kâmpóng Cham,Cambodia,points,1,Forest stable
743,12.04003145,102.8485658,456,0.162271309,2.69797556,Pouthisat,Cambodia,points,1,Forest stable
212,12.16785791,103.0184367,1462,0.17668077,0.290503337,Pouthisat,Cambodia,points,1,Forest stable
522,12.16886777,103.2515079,620,0.019706226,4.977020696,Pouthisat,Cambodia,points,1,Forest stable
280,12.03208947,103.3465746,877,0.040718092,6.113284039,Pouthisat,Cambodia,points,1,Forest stable
796,12.03826346,103.4140724,1001,0.051937071,5.586874448,Kaôh Kong,Cambodia,points,1,Forest stable
60,12.15747904,103.6552149,314,0.02414654,1.303634527,Pouthisat,Cambodia,points,1,Forest stable
890,12.05992173,103.7908693,305,0.024722669,3.197344311,Pouthisat,Cambodia,points,1,Forest stable
337,12.10515451,104.1164297,381,0.208057454,5.167453983,Pouthisat,Cambodia,points,1,Forest stable
381,12.13742829,104.3235177,129,0.020279644,0.907997154,Kâmpóng Chh0ng,Cambodia,points,1,Forest stable
457,12.03284285,106.2431649,55,0.009849205,1.835561888,Krâchéh,Cambodia,points,1,Forest stable
177,12.28861797,102.7383709,564,0.011245023,3.849114968,Pouthisat,Cambodia,points,1,Forest stable
288,12.30078834,102.8208249,768,0.060212745,4.415520031,Pouthisat,Cambodia,points,1,Forest stable
372,12.20774204,103.2232163,565,0.036817312,2.147266261,Pouthisat,Cambodia,points,1,Forest stable
349,12.21590144,103.3987415,665,0.087274278,1.25877711,Pouthisat,Cambodia,points,1,Forest stable
761,12.19603123,103.5383212,400,0.182680998,5.422687465,Pouthisat,Cambodia,points,1,Forest stable
9,12.20855424,103.6184056,316,0.029777926,3.294932675,Pouthisat,Cambodia,points,1,Forest stable
306,12.2255679,104.2085311,104,0.013717669,0.050272895,Kâmpóng Chh0ng,Cambodia,points,1,Forest stable
681,12.31339037,104.8500031,8,2.17E-19,4.71238898,Kâmpóng Chh0ng,Cambodia,points,1,Forest stable
583,12.25108141,105.7202443,17,0.002610432,6.124047937,Tbong Khmum,Cambodia,points,1,Forest stable
527,12.25927337,106.499233,70,0.001248432,4.821264567,Krâchéh,Cambodia,points,1,Forest stable
628,12.33051566,106.6832431,132,0.004953178,2.97372818,Môndól Kiri,Cambodia,points,1,Forest stable
793,12.19884069,106.96346,190,0.019824187,5.283444309,Môndól Kiri,Cambodia,points,1,Forest stable
260,12.21104265,107.0888747,301,0.071699673,2.477716016,Môndól Kiri,Cambodia,points,1,Forest stable
85,12.46357937,102.8374816,263,0.093013818,5.231253313,Batdâmbâng,Cambodia,points,1,Forest stable
262,12.4415528,103.0881742,1001,0.145920199,0.138460666,Pouthisat,Cambodia,points,1,Forest stable
366,12.44927702,103.3436418,208,0.014503804,4.759168224,Pouthisat,Cambodia,points,1,Forest stable
596,12.39269333,103.5270726,431,0.0519919,3.645113373,Pouthisat,Cambodia,points,1,Forest stable
622,12.45482571,104.0653531,122,0.134818764,5.118500729,Pouthisat,Cambodia,points,1,Forest stable
623,12.39599618,104.5455043,10,0.000614941,1.113862972,Kâmpóng Chh0ng,Cambodia,points,1,Forest stable
418,12.42020591,104.7017206,10,0.000871184,1.254101469,Kâmpóng Chh0ng,Cambodia,points,1,Forest stable
122,12.36791809,106.557221,92,0.004286164,2.483622904,Krâchéh,Cambodia,points,1,Forest stable
415,12.47136217,106.7750979,169,0.01995487,0.529132131,Môndól Kiri,Cambodia,points,1,Forest stable
175,12.40565829,106.8158852,162,0.019190564,4.984311414,Môndól Kiri,Cambodia,points,1,Forest stable
630,12.38352518,107.1451536,676,0.051890524,0.556947868,Môndól Kiri,Cambodia,points,1,Forest stable
795,12.43479888,107.4173674,613,0.021138144,0.318653152,Môndól Kiri,Cambodia,points,1,Forest stable
331,12.40077329,107.5109059,805,0.039652319,0.174769228,Môndól Kiri,Cambodia,points,1,Forest stable
803,12.53729539,102.7117613,320,0.052487796,0.460112645,Batdâmbâng,Cambodia,points,1,Forest stable
377,12.62048171,104.7029333,12,0.000387141,3.935861571,Kâmpóng Thum,Cambodia,points,1,Forest stable
911,12.62471584,105.6978285,93,0.006599529,3.994547067,Kâmpóng Thum,Cambodia,points,1,Forest stable
247,12.57718421,105.8116583,48,0.002076554,2.940788793,Krâchéh,Cambodia,points,1,Forest stable
61,12.52509714,106.3120629,68,0.00276111,0.582262316,Krâchéh,Cambodia,points,1,Forest stable
11,12.61129446,106.5852252,86,0.004451701,4.834582904,Môndól Kiri,Cambodia,points,1,Forest stable
869,12.51495219,106.6697205,107,0.002578407,5.956202392,Môndól Kiri,Cambodia,points,1,Forest stable
705,12.51113159,106.8286971,137,0.011057634,0.112574451,Môndól Kiri,Cambodia,points,1,Forest stable
311,12.62728609,107.076343,285,0.027005636,4.494728169,Môndól Kiri,Cambodia,points,1,Forest stable
631,12.74945786,103.018432,105,0.073247537,2.381381369,Batdâmbâng,Cambodia,points,1,Forest stable
395,12.74093626,103.1474406,44,0.005296967,0.459346798,Batdâmbâng,Cambodia,points,1,Forest stable
347,12.78732509,104.4074651,9,0.000436156,1.88706795,Kâmpóng Thum,Cambodia,points,1,Forest stable
178,12.75364449,105.8734559,46,0.006540627,5.915901348,Krâchéh,Cambodia,points,1,Forest stable
171,12.66673666,106.0995052,47,0.004065362,3.935959454,Krâchéh,Cambodia,points,1,Forest stable
132,12.74991935,106.2502335,72,0.004309489,4.071280529,Krâchéh,Cambodia,points,1,Forest stable
542,12.6917402,106.4604548,92,0.004752164,3.560666818,Môndól Kiri,Cambodia,points,1,Forest stable
698,12.73927366,106.6109819,139,0.008241421,4.86107465,Môndól Kiri,Cambodia,points,1,Forest stable
149,12.68748232,106.7549177,143,0.007749595,2.322213629,Môndól Kiri,Cambodia,points,1,Forest stable
87,12.71805289,106.8577251,191,0.007076185,5.681400189,Môndól Kiri,Cambodia,points,1,Forest stable
588,12.68612922,107.4134854,323,0.007612763,5.852729161,Môndól Kiri,Cambodia,points,1,Forest stable
426,12.82691038,103.8323138,8,0.000580954,2.346913254,Pouthisat,Cambodia,points,1,Forest stable
133,12.85209609,104.4246663,11,0.000429795,0.327391342,Kâmpóng Thum,Cambodia,points,1,Forest stable
67,12.83413648,105.3078351,81,0.001498595,3.233944716,Kâmpóng Thum,Cambodia,points,1,Forest stable
248,12.83149705,105.6530925,99,0.010113601,4.012921759,Kâmpóng Thum,Cambodia,points,1,Forest stable
482,12.92034816,105.8226479,61,0.002323584,0.365038403,Krâchéh,Cambodia,points,1,Forest stable
703,12.83212534,106.1871865,64,0.002011422,5.781455526,Krâchéh,Cambodia,points,1,Forest stable
427,12.87218164,106.3317267,119,0.012155348,4.45281312,Krâchéh,Cambodia,points,1,Forest stable
866,12.8821392,106.4164709,104,0.004845489,0.201035161,Krâchéh,Cambodia,points,1,Forest stable
709,12.86202906,106.6588568,122,0.001138523,1.330180628,Môndól Kiri,Cambodia,points,1,Forest stable
297,12.79226666,106.7702211,217,0.005109849,4.244157051,Môndól Kiri,Cambodia,points,1,Forest stable
114,12.83762418,106.8477997,212,0.007679004,5.017408671,Môndól Kiri,Cambodia,points,1,Forest stable
287,12.80738597,107.0120847,206,0.001977972,0.283215368,Môndól Kiri,Cambodia,points,1,Forest stable
276,12.92941085,107.2794619,188,0.006217444,3.998805494,Môndól Kiri,Cambodia,points,1,Forest stable
147,12.86135111,107.3109021,214,0.005335197,0.575230706,Môndól Kiri,Cambodia,points,1,Forest stable
828,12.90449296,107.4732474,186,0.003798334,6.283185307,Môndól Kiri,Cambodia,points,1,Forest stable
633,13.08863155,103.4351334,9,0.00128951,0.327677068,Batdâmbâng,Cambodia,points,1,Forest stable
928,13.06705708,103.6889746,6,1.08E-19,1.570796327,Batdâmbâng,Cambodia,points,1,Forest stable
637,13.0862893,104.7015989,31,0.001919222,2.99692549,Kâmpóng Thum,Cambodia,points,1,Forest stable
109,13.00289408,105.4900131,92,0.013961935,3.867209363,Kâmpóng Thum,Cambodia,points,1,Forest stable
328,13.06257023,105.7317648,132,0.003330894,4.630846095,Krâchéh,Cambodia,points,1,Forest stable
882,13.07425832,105.7433269,147,0.010018468,4.603855368,Krâchéh,Cambodia,points,1,Forest stable
118,13.08562624,106.122497,49,0.004023794,5.781017932,Krâchéh,Cambodia,points,1,Forest stable
696,13.05730565,106.2183276,52,0.00118219,4.101316843,Krâchéh,Cambodia,points,1,Forest stable
18,12.99867608,106.386736,64,0.00179324,4.154334206,Krâchéh,Cambodia,points,1,Forest stable
557,13.07133868,106.6562855,153,0.006941256,5.291410416,Môndól Kiri,Cambodia,points,1,Forest stable
556,13.00678787,106.8057263,166,0.007029377,3.319591707,Môndól Kiri,Cambodia,points,1,Forest stable
208,12.96857821,106.9456161,173,0.001919203,6.138585347,Môndól Kiri,Cambodia,points,1,Forest stable
672,12.96581803,107.0751692,167,0.006417847,1.038763546,Môndól Kiri,Cambodia,points,1,Forest stable
713,12.95318421,107.1428875,184,0.008725475,4.900048371,Môndól Kiri,Cambodia,points,1,Forest stable
286,12.97258071,107.4119757,203,0.023687654,2.098866951,Môndól Kiri,Cambodia,points,1,Forest stable
905,13.17578834,103.6614513,7,0.000193791,3.936977305,Batdâmbâng,Cambodia,points,1,Forest stable
714,13.18767082,104.5338257,45,0.006332214,4.121629176,Kâmpóng Thum,Cambodia,points,1,Forest stable
478,13.24148692,104.9631143,91,0.012289101,1.703644199,Preah Vihéar,Cambodia,points,1,Forest stable
896,13.24508361,105.1521657,78,0.008644034,1.044677875,Preah Vihéar,Cambodia,points,1,Forest stable
598,13.20496722,105.5586612,116,0.010798164,4.940483717,Kâmpóng Thum,Cambodia,points,1,Forest stable
661,13.10798416,105.6909574,134,0.011850252,5.240225107,Krâchéh,Cambodia,points,1,Forest stable
24,13.19702753,105.8452065,98,0.006477105,2.526635506,Stœng Trêng,Cambodia,points,1,Forest stable
846,13.2486094,105.9921189,56,0.007345831,3.697415624,Stœng Trêng,Cambodia,points,1,Forest stable
700,13.23309894,106.0502411,65,0.002457436,3.254486586,Krâchéh,Cambodia,points,1,Forest stable
422,13.22149562,106.287267,107,0.00825534,3.748170674,Krâchéh,Cambodia,points,1,Forest stable
456,13.24204528,106.472948,149,0.011867042,3.036417989,Môndól Kiri,Cambodia,points,1,Forest stable
503,13.15422656,106.5163832,113,0.003195858,0.218223252,Môndól Kiri,Cambodia,points,1,Forest stable
676,13.24084853,106.7046517,158,0.015509086,0.384222323,Môndól Kiri,Cambodia,points,1,Forest stable
230,13.21993033,106.8425648,153,0.006362256,5.733836577,Rôtânôkiri,Cambodia,points,1,Forest stable
414,13.23017186,107.0213954,124,0.00310311,0.733002279,Rôtânôkiri,Cambodia,points,1,Forest stable
412,13.13511469,107.1679981,146,0.005112497,2.194129528,Môndól Kiri,Cambodia,points,1,Forest stable
602,13.1060865,107.4397815,159,0.003131836,4.06085395,Môndól Kiri,Cambodia,points,1,Forest stable
760,13.28450364,103.4917607,7,0.000581504,5.487578382,Batdâmbâng,Cambodia,points,1,Forest stable
62,13.35267086,103.6541574,8,0.001366833,0.653462617,Siemréab,Cambodia,points,1,Forest stable
804,13.37141215,104.539942,62,0.004210848,3.657553929,Siemréab,Cambodia,points,1,Forest stable
50,13.28196265,104.6618775,97,0.001768945,3.063246135,Preah Vihéar,Cambodia,points,1,Forest stable
594,13.3747732,104.9314445,107,0.025082506,4.376253562,Preah Vihéar,Cambodia,points,1,Forest stable
390,13.34999218,105.0473078,100,0.095578364,1.751481137,Preah Vihéar,Cambodia,points,1,Forest stable
739,13.32496605,105.21703,43,0.00564417,1.377316632,Preah Vihéar,Cambodia,points,1,Forest stable
794,13.27370237,105.4764671,121,0.004991334,1.625179061,Kâmpóng Thum,Cambodia,points,1,Forest stable
735,13.40201608,105.6052714,163,0.005299786,3.602013904,Stœng Trêng,Cambodia,points,1,Forest stable
569,13.40166365,105.7969605,79,0.003324468,1.281127306,Stœng Trêng,Cambodia,points,1,Forest stable
183,13.25659454,106.0967393,70,0.005002892,2.743793584,Krâchéh,Cambodia,points,1,Forest stable
776,13.31282866,106.2055614,173,0.013940154,2.598852081,Krâchéh,Cambodia,points,1,Forest stable
224,13.37910342,106.5857733,97,0.001719559,0.328042022,Stœng Trêng,Cambodia,points,1,Forest stable
382,13.37846912,106.7386514,106,0.004751424,2.013355999,Rôtânôkiri,Cambodia,points,1,Forest stable
421,13.25587072,106.9460112,131,0.003267725,2.045021513,Rôtânôkiri,Cambodia,points,1,Forest stable
6,13.30908645,107.0277301,126,0.003914875,1.431744232,Rôtânôkiri,Cambodia,points,1,Forest stable
857,13.25577641,107.1386664,125,0.005239612,5.561681668,Môndól Kiri,Cambodia,points,1,Forest stable
116,13.2951043,107.430447,131,0.003183335,5.927793796,Môndól Kiri,Cambodia,points,1,Forest stable
203,13.36898959,107.526578,144,0.002769087,2.940165638,Rôtânôkiri,Cambodia,points,1,Forest stable
805,13.51137876,104.3278001,63,0.008135569,1.875627247,Siemréab,Cambodia,points,1,Forest stable
301,13.47123954,104.5279106,196,0.050360353,3.391601621,Siemréab,Cambodia,points,1,Forest stable
281,13.4127589,104.6892739,76,0.00439604,2.753811983,Preah Vihéar,Cambodia,points,1,Forest stable
188,13.51045482,104.871244,90,0.003977755,5.733297779,Preah Vihéar,Cambodia,points,1,Forest stable
235,13.4846563,105.1204014,74,0.006289048,5.673194356,Preah Vihéar,Cambodia,points,1,Forest stable
410,13.46273234,105.3380206,64,0.006606076,3.849411219,Preah Vihéar,Cambodia,points,1,Forest stable
826,13.42173025,105.4316282,105,0.012143569,4.835574908,Preah Vihéar,Cambodia,points,1,Forest stable
706,13.4244003,105.6333399,126,0.020660096,0.421313871,Stœng Trêng,Cambodia,points,1,Forest stable
144,13.42103502,105.813731,84,0.006041637,1.843605517,Stœng Trêng,Cambodia,points,1,Forest stable
554,13.48104461,106.214566,135,0.017084956,5.45313506,Stœng Trêng,Cambodia,points,1,Forest stable
423,13.52150801,106.5934618,86,0.002327164,3.937684725,Rôtânôkiri,Cambodia,points,1,Forest stable
844,13.5437491,106.8355523,123,0.024167404,3.095704569,Rôtânôkiri,Cambodia,points,1,Forest stable
847,13.53980486,107.2656529,160,0.003259104,1.780445692,Rôtânôkiri,Cambodia,points,1,Forest stable
841,13.51197531,107.4423708,148,0.023965359,5.017027098,Rôtânôkiri,Cambodia,points,1,Forest stable
430,13.48684453,107.5263312,159,0.006246219,3.097209771,Rôtânôkiri,Cambodia,points,1,Forest stable
48,13.59389907,104.0782352,257,0.036905316,5.160810681,Siemréab,Cambodia,points,1,Forest stable
860,13.64544825,104.287169,94,0.005331575,1.724056847,Siemréab,Cambodia,points,1,Forest stable
54,13.55606886,104.3585397,63,0.001827997,2.669277805,Siemréab,Cambodia,points,1,Forest stable
356,13.58921214,105.308874,73,0.008827175,3.18872264,Preah Vihéar,Cambodia,points,1,Forest stable
640,13.57591495,105.6193485,119,0.01495732,0.835114216,Stœng Trêng,Cambodia,points,1,Forest stable
609,13.58236031,105.8936568,74,0.010864049,0.742644998,Stœng Trêng,Cambodia,points,1,Forest stable
726,13.69740326,106.1989125,74,0.004079082,3.209645769,Stœng Trêng,Cambodia,points,1,Forest stable
811,13.6551123,106.2693493,108,0.002037472,1.085962718,Stœng Trêng,Cambodia,points,1,Forest stable
654,13.61113887,106.4415754,108,0.003394205,0.040857823,Stœng Trêng,Cambodia,points,1,Forest stable
814,13.6636668,106.6225201,91,0.00393985,3.73978554,Rôtânôkiri,Cambodia,points,1,Forest stable
684,13.59335071,107.0226424,153,0.028354003,4.92442924,Rôtânôkiri,Cambodia,points,1,Forest stable
351,13.58629303,107.3741299,234,0.010490061,3.234227356,Rôtânôkiri,Cambodia,points,1,Forest stable
937,13.84893612,103.7586769,43,0.00146574,2.753169629,Siemréab,Cambodia,points,1,Forest stable
172,13.75778427,104.2883324,123,0.004225836,0.098642973,Siemréab,Cambodia,points,1,Forest stable
730,13.80030158,104.4406352,84,0.002560971,2.192809077,Preah Vihéar,Cambodia,points,1,Forest stable
379,13.82875735,104.7698652,69,0.003719737,0.639630559,Preah Vihéar,Cambodia,points,1,Forest stable
678,13.80416791,104.8084056,69,0.003104787,0.796692956,Preah Vihéar,Cambodia,points,1,Forest stable
768,13.72916146,105.1822767,68,0.006207208,3.906871467,Preah Vihéar,Cambodia,points,1,Forest stable
343,13.82307087,105.3615631,99,0.005881727,4.455885785,Preah Vihéar,Cambodia,points,1,Forest stable
546,13.8572287,105.4482819,138,0.001313689,1.255825424,Preah Vihéar,Cambodia,points,1,Forest stable
271,13.73850803,105.7045719,144,0.00184865,1.348836075,Stœng Trêng,Cambodia,points,1,Forest stable
639,13.8203841,105.741047,103,0.001489968,5.085144609,Stœng Trêng,Cambodia,points,1,Forest stable
440,13.77358666,106.4732392,106,0.002502277,3.54016624,Stœng Trêng,Cambodia,points,1,Forest stable
879,13.801328,106.669411,91,0.001927122,4.352721071,Rôtânôkiri,Cambodia,points,1,Forest stable
675,13.7661879,106.8201494,124,0.004743899,6.047047243,Rôtânôkiri,Cambodia,points,1,Forest stable
364,13.8287958,107.2073162,369,0.064271312,5.322930299,Rôtânôkiri,Cambodia,points,1,Forest stable
74,13.97208443,104.139843,96,0.002073876,2.728192984,Siemréab,Cambodia,points,1,Forest stable
589,14.00183208,104.2849971,110,0.001143647,1.331279807,Siemréab,Cambodia,points,1,Forest stable
120,14.00984374,104.6841557,95,0.01720421,0.170326891,Preah Vihéar,Cambodia,points,1,Forest stable
851,13.95602247,105.039947,111,0.020966651,5.476914492,Preah Vihéar,Cambodia,points,1,Forest stable
716,13.87654783,105.1701292,108,0.01213719,3.24469328,Preah Vihéar,Cambodia,points,1,Forest stable
142,13.87215121,105.3442546,102,0.006282402,4.820563015,Preah Vihéar,Cambodia,points,1,Forest stable
253,13.98108745,105.4381376,115,0.002170483,1.55E-15,Preah Vihéar,Cambodia,points,1,Forest stable
924,13.983429,105.6744217,114,0.003331933,2.227745183,Preah Vihéar,Cambodia,points,1,Forest stable
493,13.94204664,106.1899635,90,0.004612252,6.283185307,Stœng Trêng,Cambodia,points,1,Forest stable
244,13.88716177,106.2237882,85,0.006128031,3.370080571,Stœng Trêng,Cambodia,points,1,Forest stable
801,14.00422357,106.4935678,89,0.002535749,5.409447209,Stœng Trêng,Cambodia,points,1,Forest stable
535,13.86960067,106.521455,138,0.001356553,3.141592654,Stœng Trêng,Cambodia,points,1,Forest stable
336,13.8827435,106.7843503,102,0.002579903,0.328687937,Rôtânôkiri,Cambodia,points,1,Forest stable
295,13.87534717,106.9096832,141,0.012750919,6.283185307,Rôtânôkiri,Cambodia,points,1,Forest stable
322,14.07332829,103.8749005,61,0.002500471,4.71238898,Siemréab,Cambodia,points,1,Forest stable
818,14.10265454,104.604629,75,0.006246252,3.097092475,Preah Vihéar,Cambodia,points,1,Forest stable
152,14.08134418,104.7916334,85,0.005587093,4.148877998,Preah Vihéar,Cambodia,points,1,Forest stable
272,14.08682209,104.9299125,69,0.004036882,1.949420109,Preah Vihéar,Cambodia,points,1,Forest stable
886,14.01641033,105.0424411,110,0.012082173,5.308416455,Preah Vihéar,Cambodia,points,1,Forest stable
2,14.12215683,105.1282731,86,0.003421014,4.347462369,Preah Vihéar,Cambodia,points,1,Forest stable
36,14.1315597,105.276226,111,0.0012901,5.954164748,Preah Vihéar,Cambodia,points,1,Forest stable
492,14.04333027,105.6384686,229,0.054501866,2.51599293,Preah Vihéar,Cambodia,points,1,Forest stable
688,14.08274808,105.7687887,108,0,0,Preah Vihéar,Cambodia,points,1,Forest stable
580,14.12945462,106.1282286,91,0,0,Stœng Trêng,Cambodia,points,1,Forest stable
899,14.08454594,106.6028171,92,0.009823739,4.345170333,Stœng Trêng,Cambodia,points,1,Forest stable
251,14.069864,106.6876982,120,0.012313224,4.467588381,Stœng Trêng,Cambodia,points,1,Forest stable
146,14.15007053,106.9757736,322,0.091305236,1.216750602,Rôtânôkiri,Cambodia,points,1,Forest stable
77,14.03815789,107.0687306,178,0.01539682,0.34028051,Rôtânôkiri,Cambodia,points,1,Forest stable
668,14.09913693,107.2045528,117,0.000582526,2.344267617,Rôtânôkiri,Cambodia,points,1,Forest stable
532,14.19934843,103.6111421,58,0.001855901,4.258388634,Otdar Mean Chey,Cambodia,points,1,Forest stable
105,14.1953441,103.7675038,56,0.00214991,4.029572234,Otdar Mean Chey,Cambodia,points,1,Forest stable
904,14.16816896,104.0059603,56,0.001855736,5.166432791,Otdar Mean Chey,Cambodia,points,1,Forest stable
538,14.31285611,104.5443356,98,0.00178165,2.563566221,Preah Vihéar,Cambodia,points,1,Forest stable
136,14.18562561,104.7435304,88,0.003654146,4.861434317,Preah Vihéar,Cambodia,points,1,Forest stable
383,14.28176559,104.8299243,92,0.001852804,1.792250629,Preah Vihéar,Cambodia,points,1,Forest stable
903,14.30229877,104.9614037,103,0.045095884,4.422776353,Preah Vihéar,Cambodia,points,1,Forest stable
691,14.264329,105.240636,131,0,0,Preah Vihéar,Cambodia,points,1,Forest stable
562,14.22855764,106.0651042,111,0.001919416,6.137825761,Stœng Trêng,Cambodia,points,1,Forest stable
511,14.28343031,106.3318738,92,0.0038085,3.068508086,Stœng Trêng,Cambodia,points,1,Forest stable
216,14.30451901,106.3968017,105,0.010406149,3.453989352,Stœng Trêng,Cambodia,points,1,Forest stable
788,14.19162088,106.609589,257,0.032669751,3.618799286,Stœng Trêng,Cambodia,points,1,Forest stable
731,14.29333003,106.7564586,743,0.046407193,5.002713855,Rôtânôkiri,Cambodia,points,1,Forest stable
277,14.23001032,106.9820798,721,0.079301903,2.263253299,Rôtânôkiri,Cambodia,points,1,Forest stable
283,14.26147981,107.0414334,415,0.033931764,3.818858363,Rôtânôkiri,Cambodia,points,1,Forest stable
644,14.16869304,107.2934283,152,0.031949171,3.630465962,Rôtânôkiri,Cambodia,points,1,Forest stable
404,14.19079351,107.3256698,167,0.0665862,2.419839798,Rôtânôkiri,Cambodia,points,1,Forest stable
929,14.38709905,104.755843,130,0.055395279,3.629885702,Preah Vihéar,Cambodia,points,1,Forest stable
320,14.45063626,106.2939422,188,0,0,Stœng Trêng,Cambodia,points,1,Forest stable
920,14.3537858,106.3850265,123,0.00752111,4.912113273,Stœng Trêng,Cambodia,points,1,Forest stable
663,14.32661715,106.5449269,342,0.008747211,5.55200257,Stœng Trêng,Cambodia,points,1,Forest stable
4,14.30886887,106.9190253,600,0.07271649,4.259429371,Rôtânôkiri,Cambodia,points,1,Forest stable
604,14.34602926,107.0843539,438,0.056610732,2.936456047,Rôtânôkiri,Cambodia,points,1,Forest stable
721,14.35085643,107.2835602,508,0.035216846,5.153999058,Rôtânôkiri,Cambodia,points,1,Forest stable
16,14.46735239,106.5442689,294,0.03612392,5.495779111,Stœng Trêng,Cambodia,points,1,Forest stable
524,14.46355561,107.4701247,679,0.045897009,3.855033363,Rôtânôkiri,Cambodia,points,1,Forest stable
483,10.6309029,103.5978871,100,0.006294052,0.131067765,Krong Preah Sihanouk,Cambodia,points,1,Ma0gement
153,10.68779708,103.5839003,103,0.008388806,2.512448269,Krong Preah Sihanouk,Cambodia,points,1,Ma0gement
406,10.70553591,104.144645,118,0.193212779,1.668017734,Kâmpôt,Cambodia,points,1,Ma0gement
117,11.46690551,105.7693736,12,0.002930532,3.378386765,Svay Rieng,Cambodia,points,1,Ma0gement
786,11.49653012,104.1355003,123,0.010863375,1.58328357,Kâmpóng Spœ,Cambodia,points,1,Ma0gement
194,12.33864219,104.7490338,32,0.009723024,3.815665168,Kâmpóng Chh0ng,Cambodia,points,1,Ma0gement
449,12.36765925,105.6954889,31,0.01206303,4.813767596,Kâmpóng Cham,Cambodia,points,1,Ma0gement
815,12.41461092,105.6850838,42,0.018228149,5.768865313,Kâmpóng Cham,Cambodia,points,1,Ma0gement
578,12.51925213,105.2355211,22,0.000429737,0.326992736,Kâmpóng Thum,Cambodia,points,1,Ma0gement
225,12.53448716,105.7251802,95,0.010211191,1.102156169,Kâmpóng Thum,Cambodia,points,1,Ma0gement
33,12.67211343,105.3191979,53,0.003261673,4.237211084,Kâmpóng Thum,Cambodia,points,1,Ma0gement
239,12.86037916,105.1597948,37,0.007782946,5.262620226,Kâmpóng Thum,Cambodia,points,1,Ma0gement
397,12.94622831,104.7622599,23,4.34E-19,4.71238898,Kâmpóng Thum,Cambodia,points,1,Ma0gement
769,12.98417498,105.1460654,42,0.004541248,0.580104073,Kâmpóng Thum,Cambodia,points,1,Ma0gement
249,13.11733558,102.95344,24,0.001486192,1.944545641,Batdâmbâng,Cambodia,points,1,Ma0gement
378,13.07064185,104.4682567,18,0.001558278,3.812124253,Siemréab,Cambodia,points,1,Ma0gement
23,13.06943616,104.6098633,22,0.001366247,3.794494947,Kâmpóng Thum,Cambodia,points,1,Ma0gement
774,13.11309836,106.2151977,79,0.00825589,3.309966277,Krâchéh,Cambodia,points,1,Ma0gement
900,13.13435379,104.5070375,28,0.001410035,4.518767302,Kâmpóng Thum,Cambodia,points,1,Ma0gement
7,13.14986733,104.671797,46,0.003527026,3.141592654,Kâmpóng Thum,Cambodia,points,1,Ma0gement
577,13.17757121,106.6700739,196,0.007825424,4.851516287,Môndól Kiri,Cambodia,points,1,Ma0gement
344,13.16988957,106.7476395,214,0.005274005,2.493703911,Môndól Kiri,Cambodia,points,1,Ma0gement
791,13.3156362,104.4510808,49,0.005162294,3.195263907,Siemréab,Cambodia,points,1,Ma0gement
437,13.41777286,104.1460493,61,0.01254515,1.982393822,Siemréab,Cambodia,points,1,Ma0gement
325,13.41436947,105.8324463,70,0.003335653,4.63096267,Stœng Trêng,Cambodia,points,1,Ma0gement
763,13.73356757,103.7471007,46,0.005516767,4.412857155,Siemréab,Cambodia,points,1,Ma0gement
849,13.70489675,106.0789274,85,0.007437954,3.780967249,Stœng Trêng,Cambodia,points,1,Ma0gement
679,13.84369143,103.7115906,42,0.002716939,3.938375066,Siemréab,Cambodia,points,1,Ma0gement
93,13.89287939,107.068756,183,0.016698426,1.374585622,Rôtânôkiri,Cambodia,points,1,Ma0gement
19,13.94497715,107.255841,124,0.008646416,4.073660517,Rôtânôkiri,Cambodia,points,1,Ma0gement
747,14.04214657,106.8910252,112,0.013870669,3.394616451,Rôtânôkiri,Cambodia,points,1,Ma0gement
934,14.07528435,107.115191,111,0.006069569,1.98482045,Rôtânôkiri,Cambodia,points,1,Ma0gement
294,10.43819738,104.4376685,2,0,0,Kâmpôt,Cambodia,points,1,Non Forest stable
34,10.59731281,103.6910991,92,0.02160876,3.34598747,Krong Preah Sihanouk,Cambodia,points,1,Non Forest stable
616,10.58891804,103.7411921,17,0.028515389,2.710219341,Krong Preah Sihanouk,Cambodia,points,1,Non Forest stable
772,10.55013006,104.3127549,16,0.008872427,4.218602264,Kep,Cambodia,points,1,Non Forest stable
258,10.52564326,104.4905985,6,0.000192838,0.790530309,Kâmpôt,Cambodia,points,1,Non Forest stable
744,10.54910757,104.610975,3,0.000192843,5.492627945,Kâmpôt,Cambodia,points,1,Non Forest stable
586,10.57119923,104.7039822,4,0.000192851,2.350994629,Kâmpôt,Cambodia,points,1,Non Forest stable
411,10.63923299,104.887029,4,0.00425384,1.312825213,Takêv,Cambodia,points,1,Non Forest stable
629,10.70935206,103.7009984,12,0.006366692,5.152605375,Krong Preah Sihanouk,Cambodia,points,1,Non Forest stable
265,10.66549375,103.8452868,2,0.000797266,5.248099914,Krong Preah Sihanouk,Cambodia,points,1,Non Forest stable
777,10.73026278,103.8922251,22,0.044366377,4.133667061,Krong Preah Sihanouk,Cambodia,points,1,Non Forest stable
592,10.71531267,104.3072729,32,0.008826966,3.188216858,Kâmpôt,Cambodia,points,1,Non Forest stable
391,10.77156705,104.4333496,19,0.001119378,3.389185836,Kâmpôt,Cambodia,points,1,Non Forest stable
308,10.78860208,104.6377399,26,0.014706962,1.635403849,Kâmpôt,Cambodia,points,1,Non Forest stable
29,10.70977194,104.7939875,6,0.000385793,0.790830305,Takêv,Cambodia,points,1,Non Forest stable
540,10.73008579,104.8739509,6,0.000385804,2.350734814,Takêv,Cambodia,points,1,Non Forest stable
582,10.7586058,105.0273093,3,0.000433264,1.252340186,Takêv,Cambodia,points,1,Non Forest stable
424,10.88359077,103.7771426,102,0.038999021,3.873341656,Krong Preah Sihanouk,Cambodia,points,1,Non Forest stable
603,10.94579039,104.2402959,53,0.01856601,1.50499652,Kâmpôt,Cambodia,points,1,Non Forest stable
182,10.93930948,104.4579588,45,0.001810942,2.91223554,Kâmpôt,Cambodia,points,1,Non Forest stable
745,10.91951805,104.6124331,20,0.003031274,1.660419893,Takêv,Cambodia,points,1,Non Forest stable
31,10.94583271,104.771032,8,0.001734016,1.889070076,Takêv,Cambodia,points,1,Non Forest stable
106,10.8436352,104.8744664,5,0.000797624,2.106240539,Takêv,Cambodia,points,1,Non Forest stable
528,10.94351725,105.2581496,2,0.000433504,1.252522578,Prey Vêng,Cambodia,points,1,Non Forest stable
892,10.95741546,105.3608814,7,0.00069952,4.517225912,Prey Vêng,Cambodia,points,1,Non Forest stable
799,10.93914428,105.973398,5,0.00019297,0.791205726,Svay Rieng,Cambodia,points,1,Non Forest stable
289,10.85002526,106.1268869,1,0.000192942,2.350526904,Svay Rieng,Cambodia,points,1,Non Forest stable
236,10.99188863,103.8042767,6,0.002238855,6.035412671,Kaôh Kong,Cambodia,points,1,Non Forest stable
367,11.03906201,103.8881039,6,0.001098294,1.570796327,Kaôh Kong,Cambodia,points,1,Non Forest stable
537,11.07888971,104.1965011,74,0.002987378,3.671649265,Kâmpôt,Cambodia,points,1,Non Forest stable
575,11.12238707,104.3925494,88,0.025538508,1.560174839,Kâmpôt,Cambodia,points,1,Non Forest stable
719,11.0920288,104.5093371,32,0.00146353,2.75687701,Takêv,Cambodia,points,1,Non Forest stable
26,11.00241349,104.6762769,13,0.001409387,2.07288379,Takêv,Cambodia,points,1,Non Forest stable
888,11.06590144,104.8323088,5,0.001750096,2.239672251,Takêv,Cambodia,points,1,Non Forest stable
876,11.0546085,104.991865,3,0.000271311,0,Takêv,Cambodia,points,1,Non Forest stable
198,11.11134001,105.1387154,3,0.000193028,2.350089406,Kândal,Cambodia,points,1,Non Forest stable
86,11.11873031,105.4034132,6,0.000429511,2.816152383,Prey Vêng,Cambodia,points,1,Non Forest stable
650,11.05164945,105.5566637,7,0.000429501,2.816221453,Prey Vêng,Cambodia,points,1,Non Forest stable
100,10.98508952,105.6557692,3,0,0,Svay Rieng,Cambodia,points,1,Non Forest stable
173,11.0457984,105.7764421,2,0.000271311,3.141592654,Svay Rieng,Cambodia,points,1,Non Forest stable
420,11.08365623,105.9977976,6,0.000429506,5.957779627,Svay Rieng,Cambodia,points,1,Non Forest stable
387,11.23233637,103.4709571,6,0.005453916,3.040667481,Kaôh Kong,Cambodia,points,1,Non Forest stable
151,11.25464557,103.7657965,10,0,1.570796327,Kaôh Kong,Cambodia,points,1,Non Forest stable
853,11.14251344,104.1452644,124,0.010753982,0.179751714,Kâmpôt,Cambodia,points,1,Non Forest stable
855,11.12403499,104.4808797,38,0.002530718,1.354704853,Kâmpóng Spœ,Cambodia,points,1,Non Forest stable
342,11.13286868,104.5376022,34,0.002498476,2.746647714,Kâmpóng Spœ,Cambodia,points,1,Non Forest stable
830,11.21704977,104.6762349,29,0.003494219,1.129569375,Kâmpóng Spœ,Cambodia,points,1,Non Forest stable
303,11.1725184,104.9462118,8,0.000386095,5.491581811,Takêv,Cambodia,points,1,Non Forest stable
534,11.12488765,105.0549147,8,0.001399803,4.907444131,Kândal,Cambodia,points,1,Non Forest stable
757,11.22541889,105.3199276,4,0.000429528,5.957631863,Prey Vêng,Cambodia,points,1,Non Forest stable
927,11.19962396,105.5270372,7,0.000608203,2.67292744,Prey Vêng,Cambodia,points,1,Non Forest stable
454,11.13734161,105.6118542,5,0.000612681,1.112049049,Prey Vêng,Cambodia,points,1,Non Forest stable
646,11.27222419,105.8008312,5,0.00043394,4.394446095,Svay Rieng,Cambodia,points,1,Non Forest stable
196,11.31773745,104.2869873,65,0.002778308,1.221980183,Kâmpóng Spœ,Cambodia,points,1,Non Forest stable
533,11.38721049,104.7421334,21,0.001785443,1.010013429,Kâmpóng Spœ,Cambodia,points,1,Non Forest stable
206,11.29865252,104.8795062,8,0.001244099,1.680052607,Takêv,Cambodia,points,1,Non Forest stable
495,11.41645501,105.0727428,6,0.001477872,1.94675457,Kândal,Cambodia,points,1,Non Forest stable
268,11.31874414,105.359895,6,0.001085243,0,Prey Vêng,Cambodia,points,1,Non Forest stable
200,11.32899336,105.5285447,10,6.51E-19,4.71238898,Prey Vêng,Cambodia,points,1,Non Forest stable
787,11.33029425,105.6843629,7,0.000429543,0.325658942,Svay Rieng,Cambodia,points,1,Non Forest stable
330,11.3403945,105.8780826,0,0,0,0,0,points,1,Non Forest stable
742,11.49941357,104.4419474,49,0.003006973,2.815755681,Kâmpóng Spœ,Cambodia,points,1,Non Forest stable
863,11.48493,104.5696514,33,0.00306641,1.112534061,Kâmpóng Spœ,Cambodia,points,1,Non Forest stable
441,11.52140702,104.7868016,18,0.000772669,0.792216302,Kândal,Cambodia,points,1,Non Forest stable
408,11.56009928,104.864613,14,0.000386364,0.792290548,Phnom Penh,Cambodia,points,1,Non Forest stable
690,11.50790049,105.057644,12,0.000982359,3.735877999,Kândal,Cambodia,points,1,Non Forest stable
504,11.51136505,105.2391349,4,0.000798983,4.177953275,Prey Vêng,Cambodia,points,1,Non Forest stable
885,11.53495279,105.4188908,8,0.000275052,1.570796327,Prey Vêng,Cambodia,points,1,Non Forest stable
30,11.46953058,105.5339993,11,0.000434215,1.888530818,Prey Vêng,Cambodia,points,1,Non Forest stable
47,11.56236482,105.6487711,10,0.000799088,2.105153951,Prey Vêng,Cambodia,points,1,Non Forest stable
759,11.47806768,105.8308367,11,0.000274995,4.71238898,Svay Rieng,Cambodia,points,1,Non Forest stable
139,11.65185844,104.087923,100,0.011210481,1.461677569,Kâmpóng Spœ,Cambodia,points,1,Non Forest stable
450,11.70317984,104.2868305,128,0.01651,3.033036309,Kâmpóng Spœ,Cambodia,points,1,Non Forest stable
324,11.62336734,104.4063453,69,0.003761859,0.999279295,Kâmpóng Spœ,Cambodia,points,1,Non Forest stable
751,11.58648873,104.6351196,33,0.001718331,2.81565659,Kâmpóng Spœ,Cambodia,points,1,Non Forest stable
474,11.68534836,104.687922,26,0.001567357,1.308135436,Kâmpóng Spœ,Cambodia,points,1,Non Forest stable
782,11.61028259,104.9242272,9,0.000429587,5.957222073,Phnom Penh,Cambodia,points,1,Non Forest stable
908,11.6783854,105.0666009,15,0.001598671,5.24656309,Kândal,Cambodia,points,1,Non Forest stable
669,11.64938474,105.1488013,9,0.000982515,3.736112958,Prey Vêng,Cambodia,points,1,Non Forest stable
712,11.71887611,105.3871841,12,0.000386475,3.934167847,Prey Vêng,Cambodia,points,1,Non Forest stable
564,11.72328881,105.441557,15,0.000386475,0.792575194,Prey Vêng,Cambodia,points,1,Non Forest stable
13,11.58413241,105.5887971,10,0.000434378,1.888407572,Prey Vêng,Cambodia,points,1,Non Forest stable
559,11.65022808,105.7722447,13,0.003236288,4.501239323,Tbong Khmum,Cambodia,points,1,Non Forest stable
919,11.72246064,106.2675989,57,0,0,Tbong Khmum,Cambodia,points,1,Non Forest stable
487,11.74897149,104.5609314,41,0.002570051,5.71807337,Kâmpóng Spœ,Cambodia,points,1,Non Forest stable
394,11.79968888,104.6738454,21,0.004207546,0.032721688,Kâmpóng Spœ,Cambodia,points,1,Non Forest stable
643,11.73461585,105.0729668,13,0.000972879,4.572496114,Kândal,Cambodia,points,1,Non Forest stable
326,11.74485515,105.1508047,11,0.000772986,3.934213155,Kâmpóng Cham,Cambodia,points,1,Non Forest stable
168,11.85339317,105.3645667,15,0.00140161,5.769762133,Prey Vêng,Cambodia,points,1,Non Forest stable
913,11.75977843,105.5246011,15,0.001546018,3.934243415,Tbong Khmum,Cambodia,points,1,Non Forest stable
475,11.84201749,105.6951277,17,0.000434745,1.253462399,Tbong Khmum,Cambodia,points,1,Non Forest stable
545,11.86898219,105.8092804,25,0.001768886,3.219512485,Tbong Khmum,Cambodia,points,1,Non Forest stable
549,11.77076476,105.9665227,40,0.00341098,3.647074006,Tbong Khmum,Cambodia,points,1,Non Forest stable
103,11.78028509,106.1373727,54,0.009320207,2.918217939,Tbong Khmum,Cambodia,points,1,Non Forest stable
155,11.77442581,106.2231903,103,0.015965856,4.04339292,Tbong Khmum,Cambodia,points,1,Non Forest stable
8,11.87291216,106.4252212,76,0.005664561,1.964017125,Tbong Khmum,Cambodia,points,1,Non Forest stable
800,11.90800076,103.6664094,1218,0.013600648,3.397489975,Kaôh Kong,Cambodia,points,1,Non Forest stable
299,11.91102468,104.1348608,177,0.01474118,4.213449789,Kâmpóng Spœ,Cambodia,points,1,Non Forest stable
92,11.99284104,104.3573384,96,0.018223937,1.826639613,Kâmpóng Chh0ng,Cambodia,points,1,Non Forest stable
227,12.03449214,104.5578171,44,0.001740088,1.253672078,Kâmpóng Chh0ng,Cambodia,points,1,Non Forest stable
396,11.9972915,104.6854344,24,0.002346169,2.514059314,Kâmpóng Chh0ng,Cambodia,points,1,Non Forest stable
780,11.88948734,104.8390978,10,0.001119642,6.03466275,Kâmpóng Cham,Cambodia,points,1,Non Forest stable
848,11.9459875,105.0252515,8,0.001046484,1.970221641,Kâmpóng Cham,Cambodia,points,1,Non Forest stable
41,12.02864919,105.1658151,12,0.003359021,2.892945215,Kâmpóng Cham,Cambodia,points,1,Non Forest stable
81,11.9067259,105.2753628,17,0.001288901,2.815307842,Kâmpóng Cham,Cambodia,points,1,Non Forest stable
473,11.99876237,105.4526507,24,0.003687759,2.45354686,Kâmpóng Cham,Cambodia,points,1,Non Forest stable
626,11.9909392,105.6415275,77,0.014677147,2.520585613,Tbong Khmum,Cambodia,points,1,Non Forest stable
615,11.91935985,105.8196671,47,0.009275528,1.673348677,Tbong Khmum,Cambodia,points,1,Non Forest stable
112,12.00800665,105.9129874,51,0.005792203,4.665531656,Tbong Khmum,Cambodia,points,1,Non Forest stable
587,11.88776601,106.0946731,170,0.016159592,5.935394654,Tbong Khmum,Cambodia,points,1,Non Forest stable
553,12.00171131,106.2647936,50,0.008014161,6.231594905,Krâchéh,Cambodia,points,1,Non Forest stable
914,12.01155384,106.4138134,75,0.007190933,3.122433795,Krâchéh,Cambodia,points,1,Non Forest stable
242,12.10130093,104.5865219,33,0.00214833,0.32651023,Kâmpóng Chh0ng,Cambodia,points,1,Non Forest stable
783,12.08733123,104.7351326,13,0.002717097,2.277123899,Kâmpóng Chh0ng,Cambodia,points,1,Non Forest stable
189,12.16234334,104.9181541,10,0.00077359,5.489795053,Kâmpóng Cham,Cambodia,points,1,Non Forest stable
346,12.05386619,104.9885494,40,0.012895821,3.692559684,Kâmpóng Cham,Cambodia,points,1,Non Forest stable
680,12.05226104,105.2609662,28,0.002221194,1.693248287,Kâmpóng Cham,Cambodia,points,1,Non Forest stable
584,12.14568919,105.2893837,74,0.01271505,3.766885626,Kâmpóng Cham,Cambodia,points,1,Non Forest stable
66,12.05757402,105.4447723,39,0.007554069,0.716333116,Kâmpóng Cham,Cambodia,points,1,Non Forest stable
28,12.17307087,105.8757981,21,0.012206718,0.84094674,Tbong Khmum,Cambodia,points,1,Non Forest stable
656,12.17338497,106.0099681,25,0.004686117,3.598564669,Krâchéh,Cambodia,points,1,Non Forest stable
428,12.18265832,106.3664711,96,0.015425829,5.090666752,Krâchéh,Cambodia,points,1,Non Forest stable
409,12.16548045,106.7672468,143,0.003242083,4.923155541,Krâchéh,Cambodia,points,1,Non Forest stable
313,12.09788612,106.8493315,143,0.00164361,3.574178268,Môndól Kiri,Cambodia,points,1,Non Forest stable
906,12.22155719,102.7515658,349,0.014481684,2.959716404,Pouthisat,Cambodia,points,1,Non Forest stable
292,12.26140792,102.9163865,337,0.016404396,1.311572777,Pouthisat,Cambodia,points,1,Non Forest stable
901,12.3249226,103.2158389,194,0.007750234,0.718747553,Pouthisat,Cambodia,points,1,Non Forest stable
315,12.32381975,103.599774,66,0.004478723,3.17239269,Pouthisat,Cambodia,points,1,Non Forest stable
683,12.33431871,103.7565611,34,0.001941067,5.589283517,Pouthisat,Cambodia,points,1,Non Forest stable
309,12.28903398,104.3270892,48,0.002322853,0.364214949,Kâmpóng Chh0ng,Cambodia,points,1,Non Forest stable
865,12.20243469,104.4960908,36,0.00291074,0.859956934,Kâmpóng Chh0ng,Cambodia,points,1,Non Forest stable
868,12.23517145,104.5321296,26,0.001978718,0.990278254,Kâmpóng Chh0ng,Cambodia,points,1,Non Forest stable
489,12.28708384,104.7107324,9,0.003047734,4.395543252,Kâmpóng Chh0ng,Cambodia,points,1,Non Forest stable
255,12.3283988,104.9099429,10,0.000429704,5.956416691,Kâmpóng Thum,Cambodia,points,1,Non Forest stable
442,12.21739302,105.1097275,13,0.000542622,3.141592654,Kâmpóng Thum,Cambodia,points,1,Non Forest stable
55,12.33773135,105.224737,96,0.008490876,4.937964342,Kâmpóng Cham,Cambodia,points,1,Non Forest stable
293,12.29411049,105.3970675,53,0.00104765,4.313433478,Kâmpóng Cham,Cambodia,points,1,Non Forest stable
501,12.26643089,105.468657,41,0.005246919,1.519065126,Kâmpóng Cham,Cambodia,points,1,Non Forest stable
701,12.28982163,105.6401245,21,0.004766939,0.547708115,Kâmpóng Cham,Cambodia,points,1,Non Forest stable
561,12.20592046,105.8467177,15,0.006027014,0.254346306,Krâchéh,Cambodia,points,1,Non Forest stable
497,12.24943041,105.9424946,17,0.001548482,2.871173917,Krâchéh,Cambodia,points,1,Non Forest stable
464,12.28550734,106.1434453,82,0.011397899,3.117392766,Krâchéh,Cambodia,points,1,Non Forest stable
278,12.23088399,106.2956255,58,0.002499949,3.537948994,Krâchéh,Cambodia,points,1,Non Forest stable
419,12.20925932,106.5666174,122,0.004352774,5.029318862,Krâchéh,Cambodia,points,1,Non Forest stable
926,12.19751793,106.7690436,131,0.002707732,3.935045681,Krâchéh,Cambodia,points,1,Non Forest stable
38,12.42672115,103.1017747,839,0.290838056,1.47320275,Pouthisat,Cambodia,points,1,Non Forest stable
332,12.48471171,103.7151063,23,0.000387039,0.794009849,Pouthisat,Cambodia,points,1,Non Forest stable
722,12.35720053,103.7321335,33,0.002624391,1.622509504,Pouthisat,Cambodia,points,1,Non Forest stable
852,12.36067478,103.9237735,48,0.002950002,5.687430282,Pouthisat,Cambodia,points,1,Non Forest stable
632,12.46231372,104.2420199,34,0.00464569,6.012553279,Pouthisat,Cambodia,points,1,Non Forest stable
214,12.37953922,104.3745322,39,0.008175618,2.253003633,Kâmpóng Chh0ng,Cambodia,points,1,Non Forest stable
252,12.46597766,104.631461,9,0.000703203,4.518261283,Kâmpóng Chh0ng,Cambodia,points,1,Non Forest stable
754,12.42881137,104.7885722,11,0.001217527,0.470481908,Kâmpóng Chh0ng,Cambodia,points,1,Non Forest stable
204,12.34124494,104.9977365,10,0.000193463,0.79372179,Kâmpóng Thum,Cambodia,points,1,Non Forest stable
436,12.47792454,105.2228971,20,0.002350046,4.654632411,Kâmpóng Thum,Cambodia,points,1,Non Forest stable
550,12.36320171,105.2976472,46,0.003506133,2.010419078,Kâmpóng Cham,Cambodia,points,1,Non Forest stable
530,12.44747483,105.5552524,46,0.003527026,3.141592654,Kâmpóng Cham,Cambodia,points,1,Non Forest stable
807,12.38454808,105.6381823,44,0.02100809,2.106040638,Kâmpóng Cham,Cambodia,points,1,Non Forest stable
895,12.3462113,105.7612965,41,0.021539509,4.33173962,Kâmpóng Cham,Cambodia,points,1,Non Forest stable
345,12.46320958,105.9343203,41,0.012660966,0.451103485,Krâchéh,Cambodia,points,1,Non Forest stable
59,12.42582513,106.0806781,22,0.004431386,5.224244091,Krâchéh,Cambodia,points,1,Non Forest stable
832,12.36669161,106.3524761,57,0.005981878,3.67369263,Krâchéh,Cambodia,points,1,Non Forest stable
765,12.36308119,107.0819181,621,0.023988178,3.789720451,Môndól Kiri,Cambodia,points,1,Non Forest stable
835,12.39439181,107.1676387,716,0.019475303,4.31173647,Môndól Kiri,Cambodia,points,1,Non Forest stable
174,12.61768389,102.937152,98,0.003498863,5.599773075,Batdâmbâng,Cambodia,points,1,Non Forest stable
785,12.60681038,103.0470139,126,0.0060276,3.396313127,Batdâmbâng,Cambodia,points,1,Non Forest stable
702,12.57894372,103.1845397,105,0.103865497,4.703279277,Batdâmbâng,Cambodia,points,1,Non Forest stable
476,12.60500458,103.3309208,47,0.002997159,0.092267681,Batdâmbâng,Cambodia,points,1,Non Forest stable
617,12.51717718,103.438848,69,0.006294784,0.131946901,Pouthisat,Cambodia,points,1,Non Forest stable
181,12.5708679,103.7182321,17,0.000813932,0,Pouthisat,Cambodia,points,1,Non Forest stable
264,12.52775488,103.866856,21,0.000703378,1.376717434,Pouthisat,Cambodia,points,1,Non Forest stable
750,12.63875094,103.9361522,13,0.000193577,5.488883806,Pouthisat,Cambodia,points,1,Non Forest stable
448,12.50220185,104.1799353,24,0.003690628,5.594194371,Pouthisat,Cambodia,points,1,Non Forest stable
840,12.60100747,104.2879887,1,0,1.570796327,Pouthisat,Cambodia,points,1,Non Forest stable
878,12.63551485,104.9354921,12,0.000615405,2.027359045,Kâmpóng Thum,Cambodia,points,1,Non Forest stable
211,12.55568349,104.9804444,11,0.00038709,2.347453625,Kâmpóng Thum,Cambodia,points,1,Non Forest stable
877,12.63523456,105.2592429,32,0.003331444,3.760709767,Kâmpóng Thum,Cambodia,points,1,Non Forest stable
310,12.62810499,105.3389071,44,0.005994269,6.190908665,Kâmpóng Thum,Cambodia,points,1,Non Forest stable
446,12.54666181,105.4773519,68,0.006563832,6.156664332,Kâmpóng Thum,Cambodia,points,1,Non Forest stable
317,12.5247953,105.6243406,83,0.011304307,5.386228127,Kâmpóng Thum,Cambodia,points,1,Non Forest stable
518,12.49472161,106.1020592,34,0.004478749,2.477539386,Krâchéh,Cambodia,points,1,Non Forest stable
797,12.51986214,106.2119564,52,0.004478726,3.172416363,Krâchéh,Cambodia,points,1,Non Forest stable
329,12.5616093,107.4296707,494,0.023678612,0.081699178,Môndól Kiri,Cambodia,points,1,Non Forest stable
407,12.76197936,102.7107527,188,0.028948986,1.236685273,Krong Pailin,Cambodia,points,1,Non Forest stable
600,12.67171506,102.9401306,104,0.016306196,2.287844984,Batdâmbâng,Cambodia,points,1,Non Forest stable
508,12.71021418,102.9905869,88,0.006446058,4.543228013,Batdâmbâng,Cambodia,points,1,Non Forest stable
370,12.69143774,103.2159566,48,0.003623076,0.230775524,Batdâmbâng,Cambodia,points,1,Non Forest stable
115,12.71893306,103.2595291,35,0.001977921,0.283126987,Batdâmbâng,Cambodia,points,1,Non Forest stable
350,12.78940244,103.427812,15,0.000542622,6.283185307,Batdâmbâng,Cambodia,points,1,Non Forest stable
88,12.6862711,103.5810354,14,0.000967981,0.794399517,Batdâmbâng,Cambodia,points,1,Non Forest stable
64,12.76682427,104.2058725,8,0.00157336,4.450753875,Siemréab,Cambodia,points,1,Non Forest stable
653,12.72750942,104.5266935,8,0.000271311,3.141592654,Kâmpóng Thum,Cambodia,points,1,Non Forest stable
405,12.77729158,104.7274137,11,0.000429782,3.468893329,Kâmpóng Thum,Cambodia,points,1,Non Forest stable
469,12.78431972,104.8538515,14,0.000429783,3.468903375,Kâmpóng Thum,Cambodia,points,1,Non Forest stable
71,12.74830009,104.9761598,13,0,1.570796327,Kâmpóng Thum,Cambodia,points,1,Non Forest stable
651,12.74333984,105.2632073,40,0.005665293,4.212993616,Kâmpóng Thum,Cambodia,points,1,Non Forest stable
129,12.68275015,105.7209621,107,0.001679442,4.874648097,Krâchéh,Cambodia,points,1,Non Forest stable
662,12.76469725,105.8635448,42,0.002142184,2.256550276,Krâchéh,Cambodia,points,1,Non Forest stable
143,12.7823853,106.5603981,120,0.005442051,5.595531648,Môndól Kiri,Cambodia,points,1,Non Forest stable
597,12.68922493,107.2971769,389,0.019982454,5.576065607,Môndól Kiri,Cambodia,points,1,Non Forest stable
158,12.9140529,102.5997349,137,0.006495976,6.090465117,Krong Pailin,Cambodia,points,1,Non Forest stable
75,12.82806888,102.7232499,134,0.006620364,0.882528554,Krong Pailin,Cambodia,points,1,Non Forest stable
385,12.84554273,102.8910371,68,0.001792465,2.129120928,Batdâmbâng,Cambodia,points,1,Non Forest stable
821,12.89242964,103.0246796,52,0.014618496,2.712507993,Batdâmbâng,Cambodia,points,1,Non Forest stable
263,12.83094115,103.2354492,23,0.00061578,1.114532665,Batdâmbâng,Cambodia,points,1,Non Forest stable
566,12.82779458,103.3922208,13,0.000829183,1.570796327,Batdâmbâng,Cambodia,points,1,Non Forest stable
219,12.90621117,103.4471996,10,0.000193681,5.488356434,Batdâmbâng,Cambodia,points,1,Non Forest stable
571,12.88364624,104.0254701,5,0.000387349,0.794795579,Pouthisat,Cambodia,points,1,Non Forest stable
166,12.92354687,104.2644087,9,0.000193687,3.936454865,Siemréab,Cambodia,points,1,Non Forest stable
126,12.90165067,104.4624833,11,0,1.570796327,Kâmpóng Thum,Cambodia,points,1,Non Forest stable
205,12.82782301,104.5145074,9,0.00060896,0.471114254,Kâmpóng Thum,Cambodia,points,1,Non Forest stable
590,12.90516365,104.7655349,19,0.000802103,2.102931324,Kâmpóng Thum,Cambodia,points,1,Non Forest stable
837,12.92061663,105.1072089,27,0.007502739,2.744276389,Kâmpóng Thum,Cambodia,points,1,Non Forest stable
124,12.80833421,105.1241436,31,0.005788611,0.417882715,Kâmpóng Thum,Cambodia,points,1,Non Forest stable
135,12.86212918,105.9906129,31,0.002502624,1.679420133,Krâchéh,Cambodia,points,1,Non Forest stable
113,12.830631,107.1584115,334,0.021908567,5.310850182,Môndól Kiri,Cambodia,points,1,Non Forest stable
887,12.93816657,102.550468,146,0.022802622,5.917416801,Krong Pailin,Cambodia,points,1,Non Forest stable
340,13.08885637,102.642442,56,0.001309889,1.886712573,Krong Pailin,Cambodia,points,1,Non Forest stable
711,13.07617779,102.9326516,46,0.023893886,3.447335574,Batdâmbâng,Cambodia,points,1,Non Forest stable
778,12.98974154,103.0333287,19,0.001373439,0.936484479,Batdâmbâng,Cambodia,points,1,Non Forest stable
284,13.07550112,103.2108598,15,0.001565822,0.919212367,Batdâmbâng,Cambodia,points,1,Non Forest stable
359,13.09203622,103.2870148,13,0.001605124,2.102593722,Batdâmbâng,Cambodia,points,1,Non Forest stable
831,13.06034388,103.7770922,7,0.000553306,4.71238898,Batdâmbâng,Cambodia,points,1,Non Forest stable
398,13.01556695,103.9537025,6,0.000542622,3.141592654,Siemréab,Cambodia,points,1,Non Forest stable
573,12.96314449,104.087789,7,0.000429814,2.814069341,Siemréab,Cambodia,points,1,Non Forest stable
190,13.02871711,104.4196927,12,0.001036281,3.553542656,Siemréab,Cambodia,points,1,Non Forest stable
192,12.97058853,104.5809591,14,0.001174614,3.77091766,Kâmpóng Thum,Cambodia,points,1,Non Forest stable
327,12.96123604,104.6800482,19,0.000193704,0.794945753,Kâmpóng Thum,Cambodia,points,1,Non Forest stable
612,13.04820273,105.1876973,36,0.005065822,1.869793128,Kâmpóng Thum,Cambodia,points,1,Non Forest stable
433,13.03768674,105.3599523,135,0.014447333,4.80641746,Kâmpóng Thum,Cambodia,points,1,Non Forest stable
429,13.0060542,105.9701824,27,0.008721802,1.524119761,Krâchéh,Cambodia,points,1,Non Forest stable
458,12.95541893,106.2747727,64,0.003180223,5.734318282,Krâchéh,Cambodia,points,1,Non Forest stable
374,13.02245395,107.0441915,147,0.003397834,5.258082565,Môndól Kiri,Cambodia,points,1,Non Forest stable
357,13.22109664,102.6024284,85,0.001036411,5.870949049,Batdâmbâng,Cambodia,points,1,Non Forest stable
925,13.12429846,102.7535016,43,0.000436683,1.254920073,Batdâmbâng,Cambodia,points,1,Non Forest stable
282,13.11431429,102.8060655,39,0.000276709,1.570796327,Batdâmbâng,Cambodia,points,1,Non Forest stable
243,13.2394643,103.0815439,13,0.000436871,1.255060838,Batdâmbâng,Cambodia,points,1,Non Forest stable
717,13.2165038,103.2413253,9,0.000271311,3.141592654,Batdâmbâng,Cambodia,points,1,Non Forest stable
749,13.10289293,103.2914702,13,0.00042984,0.327697688,Batdâmbâng,Cambodia,points,1,Non Forest stable
859,13.20818165,103.7339797,1,2.71E-20,1.570796327,Siemréab,Cambodia,points,1,Non Forest stable
894,13.23604422,103.9238393,7,0.000276851,1.570796327,Siemréab,Cambodia,points,1,Non Forest stable
466,13.16021353,104.3023696,17,0.001036371,3.553741316,Siemréab,Cambodia,points,1,Non Forest stable
789,13.18929902,104.3830328,22,0.00096897,3.936994336,Siemréab,Cambodia,points,1,Non Forest stable
360,13.15766205,104.6057724,43,0.006286208,3.750936958,Kâmpóng Thum,Cambodia,points,1,Non Forest stable
148,13.15721839,104.770937,32,0.001174917,3.771270964,Kâmpóng Thum,Cambodia,points,1,Non Forest stable
341,13.12460931,105.0621389,86,0.005542983,3.579820687,Preah Vihéar,Cambodia,points,1,Non Forest stable
210,13.19685304,105.9333503,69,0.009697073,1.913179696,Stœng Trêng,Cambodia,points,1,Non Forest stable
17,13.13713957,107.0788271,130,0.003709651,4.041532326,Môndól Kiri,Cambodia,points,1,Non Forest stable
259,13.38176843,102.3773555,291,0.057935096,0.627913977,Batdâmbâng,Cambodia,points,1,Non Forest stable
733,13.3474073,102.4929561,131,0.01754208,3.070488899,Batdâmbâng,Cambodia,points,1,Non Forest stable
871,13.35260972,102.6408763,59,0.008834916,1.039461914,Batdâmbâng,Cambodia,points,1,Non Forest stable
671,13.28973547,102.9085772,24,0.000692264,0.201359478,Batdâmbâng,Cambodia,points,1,Non Forest stable
667,13.27047733,103.046471,16,0.000609184,0.471837259,Batdâmbâng,Cambodia,points,1,Non Forest stable
250,13.34363489,103.3979024,10,0.000271311,3.141592654,Batdâmbâng,Cambodia,points,1,Non Forest stable
413,13.31195576,103.5748031,8,0.000429878,5.955227469,Siemréab,Cambodia,points,1,Non Forest stable
634,13.37796627,103.7841978,13,0.000554025,4.71238898,Siemréab,Cambodia,points,1,Non Forest stable
610,13.34829282,104.0270738,18,0.002330367,3.854053796,Siemréab,Cambodia,points,1,Non Forest stable
718,13.32192054,104.1673921,31,0.004819319,2.631274348,Siemréab,Cambodia,points,1,Non Forest stable
51,13.29055691,104.2016157,25,0.001644968,2.707221532,Siemréab,Cambodia,points,1,Non Forest stable
591,13.35612676,105.1847823,78,0.033384739,1.473155982,Preah Vihéar,Cambodia,points,1,Non Forest stable
159,13.34356794,105.8836169,60,0.012762943,0.043414186,Stœng Trêng,Cambodia,points,1,Non Forest stable
638,13.37091933,106.0048773,103,0.010529225,4.738158289,Stœng Trêng,Cambodia,points,1,Non Forest stable
402,13.25468291,106.299342,104,0.01282583,3.033453525,Krâchéh,Cambodia,points,1,Non Forest stable
312,13.53381336,102.4687506,83,0.006389261,0.065122126,Bântéay Méanchey,Cambodia,points,1,Non Forest stable
523,13.44283715,102.5296409,90,0.003672483,1.231903028,Batdâmbâng,Cambodia,points,1,Non Forest stable
150,13.52468195,102.6376487,39,0.002911268,0.729444346,Bântéay Méanchey,Cambodia,points,1,Non Forest stable
389,13.42071052,102.8627783,16,0.000193889,0.79588308,Bântéay Méanchey,Cambodia,points,1,Non Forest stable
104,13.4948808,102.9485451,13,0.000387841,0.796039673,Bântéay Méanchey,Cambodia,points,1,Non Forest stable
187,13.50706808,103.1771811,10,2.17E-19,4.71238898,Bântéay Méanchey,Cambodia,points,1,Non Forest stable
824,13.50191333,103.3767393,10,0.000193924,2.345535525,Bântéay Méanchey,Cambodia,points,1,Non Forest stable
509,13.51072295,103.4377974,10,0,1.570796327,Siemréab,Cambodia,points,1,Non Forest stable
134,13.49336557,103.6183917,14,0.001175493,2.511241973,Siemréab,Cambodia,points,1,Non Forest stable
525,13.48349827,103.8466587,27,0.001488143,4.339153751,Siemréab,Cambodia,points,1,Non Forest stable
756,13.42223217,103.9514933,25,0.00080336,4.18117553,Siemréab,Cambodia,points,1,Non Forest stable
470,13.44533639,104.0319938,33,0.002410263,4.181221048,Siemréab,Cambodia,points,1,Non Forest stable
704,13.50146207,104.2788422,71,0.003802585,1.391464892,Siemréab,Cambodia,points,1,Non Forest stable
576,13.42239488,104.3685326,54,0.016070596,1.757571206,Siemréab,Cambodia,points,1,Non Forest stable
512,13.42355858,105.1814601,51,0.007082633,2.538483155,Preah Vihéar,Cambodia,points,1,Non Forest stable
197,13.53317646,106.0283597,59,0.003147646,6.150706394,Stœng Trêng,Cambodia,points,1,Non Forest stable
241,13.48123493,107.0696547,134,0.018620015,5.761277899,Rôtânôkiri,Cambodia,points,1,Non Forest stable
267,13.65220677,102.5706982,41,0.001384612,3.343252742,Bântéay Méanchey,Cambodia,points,1,Non Forest stable
319,13.62532668,102.7316343,23,0.000554606,1.570796327,Bântéay Méanchey,Cambodia,points,1,Non Forest stable
685,13.62892789,102.930747,12,0.000803883,4.181557461,Bântéay Méanchey,Cambodia,points,1,Non Forest stable
641,13.60035396,102.9722005,16,0.010472501,0.75922629,Bântéay Méanchey,Cambodia,points,1,Non Forest stable
416,13.56050042,103.2492759,11,0.000617272,5.167466735,Bântéay Méanchey,Cambodia,points,1,Non Forest stable
231,13.60147554,103.4073959,15,0.002138212,3.847043051,Bântéay Méanchey,Cambodia,points,1,Non Forest stable
625,13.55888265,103.4535448,12,0.000193948,5.487005681,Siemréab,Cambodia,points,1,Non Forest stable
766,13.66375065,103.6405537,24,0.000692307,3.343259678,Siemréab,Cambodia,points,1,Non Forest stable
472,13.58255747,103.8137126,35,0.002726463,4.008988606,Siemréab,Cambodia,points,1,Non Forest stable
816,13.68137238,103.9423972,107,0.068127375,4.426184419,Siemréab,Cambodia,points,1,Non Forest stable
842,13.62472194,104.4453002,80,0.005972537,3.572667554,Preah Vihéar,Cambodia,points,1,Non Forest stable
65,13.64144593,104.541128,174,0.022105989,2.014725865,Preah Vihéar,Cambodia,points,1,Non Forest stable
290,13.64399414,104.7525576,142,0.013535467,5.135814562,Preah Vihéar,Cambodia,points,1,Non Forest stable
881,13.70150292,104.9824422,252,0.032174605,0.484083148,Preah Vihéar,Cambodia,points,1,Non Forest stable
130,13.61315168,105.2230598,58,0.00403079,4.984989588,Preah Vihéar,Cambodia,points,1,Non Forest stable
1,13.56953448,106.0202851,56,0.003551641,2.180866146,Stœng Trêng,Cambodia,points,1,Non Forest stable
140,13.64402526,106.2649038,112,0.003615374,1.495682387,Stœng Trêng,Cambodia,points,1,Non Forest stable
555,13.57692249,106.6925946,116,0.002283364,4.952325465,Rôtânôkiri,Cambodia,points,1,Non Forest stable
348,13.58538246,106.9940455,176,0.023769613,2.765430008,Rôtânôkiri,Cambodia,points,1,Non Forest stable
889,13.66411453,107.1869985,291,0.00222413,5.222116894,Rôtânôkiri,Cambodia,points,1,Non Forest stable
932,13.67645683,107.3381787,228,0.008320665,1.570796327,Rôtânôkiri,Cambodia,points,1,Non Forest stable
256,13.78415896,102.8410636,67,0.015133743,3.242603836,Bântéay Méanchey,Cambodia,points,1,Non Forest stable
392,13.76407305,102.9555768,21,0.001465665,3.529890434,Bântéay Méanchey,Cambodia,points,1,Non Forest stable
460,13.77995312,103.169813,20,0.002134428,2.344953237,Bântéay Méanchey,Cambodia,points,1,Non Forest stable
843,13.75464255,103.322616,15,0.001895023,2.766858877,Bântéay Méanchey,Cambodia,points,1,Non Forest stable
165,13.72011292,103.5608449,24,0.000582043,5.486670424,Siemréab,Cambodia,points,1,Non Forest stable
119,13.76854268,104.01828,79,0.00379106,0.537898436,Siemréab,Cambodia,points,1,Non Forest stable
191,13.71306779,104.3763603,114,0.005043667,5.525154104,Siemréab,Cambodia,points,1,Non Forest stable
496,13.8017701,104.9109672,59,0.004263298,1.073230971,Preah Vihéar,Cambodia,points,1,Non Forest stable
3,13.77623973,105.1464494,66,0.004509395,2.696287122,Preah Vihéar,Cambodia,points,1,Non Forest stable
936,13.78262396,105.4037933,93,0.011865634,3.462771529,Preah Vihéar,Cambodia,points,1,Non Forest stable
27,13.76551983,105.6722428,139,0.007189304,4.155762862,Stœng Trêng,Cambodia,points,1,Non Forest stable
874,13.81478396,106.0794657,90,0.002722284,4.460579552,Stœng Trêng,Cambodia,points,1,Non Forest stable
552,13.81001672,106.2391626,68,0.002147754,0.887162622,Stœng Trêng,Cambodia,points,1,Non Forest stable
517,13.80576832,107.0859443,279,0.014357351,5.527037464,Rôtânôkiri,Cambodia,points,1,Non Forest stable
266,13.71775086,107.1752334,305,0.010085442,2.171116594,Rôtânôkiri,Cambodia,points,1,Non Forest stable
723,13.78133071,107.4451604,141,0.003493719,5.542099639,Rôtânôkiri,Cambodia,points,1,Non Forest stable
380,13.99293344,102.9344829,53,0.001358923,2.344485878,Bântéay Méanchey,Cambodia,points,1,Non Forest stable
127,13.87887356,103.0276221,36,0.001176159,2.510465933,Bântéay Méanchey,Cambodia,points,1,Non Forest stable
49,13.96408732,103.5009938,26,0.002995997,2.606646801,Otdar Mean Chey,Cambodia,points,1,Non Forest stable
461,14.00667537,103.7611464,55,0.00298441,3.141592654,Siemréab,Cambodia,points,1,Non Forest stable
285,13.94685489,103.9093474,92,0.005457012,4.587773343,Siemréab,Cambodia,points,1,Non Forest stable
353,13.92001603,104.1184476,86,0.001651372,3.310527474,Siemréab,Cambodia,points,1,Non Forest stable
649,13.95391643,104.2600299,107,0.007180209,2.371606467,Siemréab,Cambodia,points,1,Non Forest stable
862,13.95262108,104.6126955,69,0.001552911,2.344576343,Preah Vihéar,Cambodia,points,1,Non Forest stable
161,13.90722275,106.1284755,107,0.004775472,0.550630753,Stœng Trêng,Cambodia,points,1,Non Forest stable
694,13.88601424,107.1226841,205,0.021404525,2.290311331,Rôtânôkiri,Cambodia,points,1,Non Forest stable
453,13.88564759,107.2072798,152,0.009369208,6.238726997,Rôtânôkiri,Cambodia,points,1,Non Forest stable
307,14.02677882,102.9426435,54,0.002310317,3.081439172,Bântéay Méanchey,Cambodia,points,1,Non Forest stable
565,14.0784027,103.1343613,66,0.001491416,1.198420411,Bântéay Méanchey,Cambodia,points,1,Non Forest stable
39,14.0524999,103.2569598,52,0.003219897,1.040762386,Otdar Mean Chey,Cambodia,points,1,Non Forest stable
354,14.07670492,103.4527999,35,0.001895381,3.516805428,Otdar Mean Chey,Cambodia,points,1,Non Forest stable
720,14.16097944,103.9726697,53,0.003913588,5.635094079,Otdar Mean Chey,Cambodia,points,1,Non Forest stable
618,14.0812999,104.0502129,74,0.008214664,0.135703221,Siemréab,Cambodia,points,1,Non Forest stable
245,14.11311399,104.3337537,148,0.005077353,0.277181205,Siemréab,Cambodia,points,1,Non Forest stable
687,14.11271804,104.4100103,115,0.010547681,0.479149821,Siemréab,Cambodia,points,1,Non Forest stable
14,14.07420837,104.9103467,74,0.004049026,1.470117208,Preah Vihéar,Cambodia,points,1,Non Forest stable
53,14.08953771,105.2254548,112,0.001768982,6.204570322,Preah Vihéar,Cambodia,points,1,Non Forest stable
867,14.02814376,106.3737116,71,0.002804555,5.057803678,Stœng Trêng,Cambodia,points,1,Non Forest stable
163,14.05237693,107.2437902,122,0.010292934,4.659648511,Rôtânôkiri,Cambodia,points,1,Non Forest stable
217,14.25950195,103.1573661,89,0.004645658,3.021595967,Otdar Mean Chey,Cambodia,points,1,Non Forest stable
12,14.17984294,103.8849263,54,0.003599392,2.126611198,Otdar Mean Chey,Cambodia,points,1,Non Forest stable
873,14.31535822,104.144657,63,0.00272732,3.039437141,Otdar Mean Chey,Cambodia,points,1,Non Forest stable
228,14.18152567,104.3368521,108,0.014434688,0.213424342,Otdar Mean Chey,Cambodia,points,1,Non Forest stable
25,14.21473743,104.4744793,91,0.002806554,4.367230656,Preah Vihéar,Cambodia,points,1,Non Forest stable
710,14.20715334,104.9039666,74,0.003498655,1.687380555,Preah Vihéar,Cambodia,points,1,Non Forest stable
506,14.21980782,105.0102148,92,0.020016276,3.958592855,Preah Vihéar,Cambodia,points,1,Non Forest stable
570,14.39189462,103.5529823,106,0.04611735,3.740445218,Otdar Mean Chey,Cambodia,points,1,Non Forest stable
